Workbook

Sheet OCTOBER
B1: Total Hari | C1: 31 | G1: Copy for Closing Sales ( hanya yang di dalam kotak)
B2: Tanggal | C2: 13 | D2: ( isi dengan tanggal pengisian terakhir) | G2: 46308
G3: Total Daily Sales: | H3: =N21 -> 158920000
G4: Total MTD: | H4: =+N40 -> 4301335870 | I4: =O40 -> 0.32658865
G5: Ekspol: | H5: =N41 -> 10257031690 | I5: =N42 -> 0.77878833
G6: TL: | H6: =O40 -> 0.32658865 | I6: =100%/$C$1*C2 -> 0.41935484
B7: Sales tolong di isi oleh masing2 toko
A8: Date | B8: PI | C8: PP | D8: PS | E8: SC | F8: TP | G8: VK | H8: PIM | I8: KOKAS | J8: Icon Bali | K8: PASKAL | L8: TBOS | N8: Total TB | O8: Achievement
A9: 46296 | B9: 72440000 | D9: 90555000 | E9: 35260000 | F9: 16605000 | G9: 0 | H9: 26039620 | I9: 8200000 | J9: 5000000 | K9: 0 | L9: 0 | N9: =SUM(B9:M9) -> 254099620
A10: 46297 | B10: 51700000 | D10: 49750000 | E10: 30620000 | F10: 54060000 | G10: 5440000 | H10: 46500000 | I10: 0 | J10: 57670000 | K10: 0 | L10: 0 | N10: =SUM(B10:M10) -> 295740000
A11: 46298 | B11: 64600000 | D11: 72630000 | E11: 58870000 | F11: 49790000 | G11: 11730000 | H11: 85920000 | I11: 23300000 | J11: 14700000 | K11: 0 | L11: 0 | N11: =SUM(B11:M11) -> 381540000
A12: 46299 | B12: 164000000 | D12: 194250000 | E12: 98490000 | F12: 42960000 | G12: 44183750 | H12: 103740000 | I12: 48170000 | J12: 70265000 | K12: 0 | L12: 0 | N12: =SUM(B12:M12) -> 766058750
A13: 46300 | B13: 34100000 | D13: 82690000 | E13: 48990000 | F13: 14850000 | G13: 9785000 | H13: 10200000 | I13: 0 | J13: 27388000 | K13: 0 | L13: 0 | N13: =SUM(B13:M13) -> 228003000
A14: 46301 | B14: 51900000 | D14: 70540000 | E14: 13400000 | F14: 84880000 | G14: 8540000 | H14: 38600000 | I14: 16500000 | J14: 612000 | K14: 0 | L14: 5600000 | N14: =SUM(B14:M14) -> 290572000
A15: 46302 | B15: 24200000 | D15: 13865000 | E15: 62530000 | F15: 23200000 | G15: 25671250 | H15: 6500000 | I15: 34750000 | J15: 30400000 | K15: 0 | L15: 0 | N15: =SUM(B15:M15) -> 221116250
A16: 46303 | B16: 26200000 | D16: 29950000 | E16: 72405000 | F16: 47520000 | G16: 19250000 | H16: 29050000 | I16: 22670000 | J16: 35700000 | K16: 0 | L16: 31615000 | N16: =SUM(B16:M16) -> 314360000
A17: 46304 | B17: 56510000 | D17: 31150000 | E17: 32850000 | F17: 52110000 | G17: 21310000 | H17: 40955000 | I17: 13500000 | J17: 18900000 | K17: 0 | L17: 22655000 | N17: =SUM(B17:L17) -> 289940000
A18: 46305 | B18: 134510000 | D18: 18900000 | E18: 101480000 | F18: 48990000 | G18: 19141250 | H18: 58490000 | I18: 5800000 | J18: 0 | K18: 0 | L18: 0 | N18: =SUM(B18:L18) -> 387311250
A19: 46306 | B19: 67910000 | D19: 65600000 | E19: 53000000 | F19: 42750000 | G19: 32972500 | H19: 60025000 | I19: 60595000 | J19: 5280000 | L19: 0 | N19: =SUM(B19:L19) -> 388132500
A20: 46307 | B20: 53750000 | D20: 16680000 | E20: 116990000 | F20: 65970000 | G20: 2975000 | H20: 24500000 | I20: 7900000 | J20: 18800000 | L20: 17977500 | N20: =SUM(B20:L20) -> 325542500
A21: 46308 | B21: 29040000 | D21: 10980000 | E21: 46870000 | F21: 37610000 | G21: 3800000 | H21: - | I21: 15900000 | J21: 14720000 | L21: 0 | N21: =SUM(B21:L21) -> 158920000
A22: 46309 | N22: =SUM(B22:L22) -> 0
A23: 46310 | N23: =SUM(B23:L23) -> 0
A24: 46311 | N24: =SUM(B24:L24) -> 0
A25: 46312 | N25: =SUM(B25:L25) -> 0
A26: 46313 | N26: =SUM(B26:L26) -> 0
A27: 46314 | N27: =SUM(B27:L27) -> 0
A28: 46315 | N28: =SUM(B28:L28) -> 0
A29: 46316 | N29: =SUM(B29:L29) -> 0
A30: 46317 | N30: =SUM(B30:L30) -> 0
A31: 46318 | N31: =SUM(B31:L31) -> 0
A32: 46319 | N32: =SUM(B32:L32) -> 0
A33: 46320 | N33: =SUM(B33:L33) -> 0
... A37: 46324 | N37: =SUM(B37:L37) -> 0
A38: 46325
A39: 46326 | N39: =SUM(B39:L39) -> 0
A40: Total Month | B40: =SUM(B9:B39) -> 830860000 | C40: =SUM(C9:C39) -> 0 | D40: =SUM(D9:D39) -> 747540000 | E40: =SUM(E9:E39) -> 771755000 | F40: =SUM(F9:F39) -> 581295000 | G40: =SUM(G9:G39) -> 204798750 | H40: =SUM(H9:H39) -> 530519620 | I40: =SUM(I9:I39) -> 257285000 | ... L40: =SUM(L9:L39) -> 77847500 | N40: =SUM(N9:N39) -> 4301335870 | O40: =N40/N43 -> 0.32658865
A41: Expol | B41: =B40*$C$1/$C$2 -> 1981281538 | C41: =C40*$C$1/$C$2 -> 0 | D41: =D40*$C$1/$C$2 -> 1782595385 | E41: =E40*$C$1/$C$2 -> 1840338846 | F41: =F40*$C$1/$C$2 -> 1386165000 | G41: =G40/C2*C1 -> 488366250 | H41: =H40*$C$1/$C$2 -> 1265085248 | I41: =I40*$C$1/$C$2 -> 6.1352577e+08 | J41: =J40*$C$1/$C$2 -> 7.1403731e+08 | K41: =K40*$C$1/$C$2 -> 0 | L41: =L40*$C$1/$C$2 -> 1.8563635e+08 | M41: =M40*$C$1/$C$2 -> 0 | N41: =SUM(B41:M41) -> 10257031690
A42: % Expol | B42: =B41/B43 -> 1.0031805 | C42: =C41/C43 -> 0 | D42: =D41/D43 -> 0.79226462 | E42: =E41/E43 -> 0.73613554 | F42: =F41/F43 -> 0.74927838 | G42: =G41/G43 -> 0.94828398 | H42: =H41/H43 -> 0.920062 | I42: =I41/I43 -> 0.54535624 | ... L42: =L41/L43 -> 0.56168335 | N42: =N41/N43 -> 0.77878833
A43: Target | B43: 1975000000 | C43: 230000000 | D43: 2250000000 | E43: 2500000000 | F43: 1850000000 | G43: 515000000 | H43: 1375000000 | I43: 1125000000 | J43: 850000000 | K43: 170000000 | L43: 330500000 | N43: =SUM(B43:M43) -> 13170500000
A44: Achievement | B44: =B40/B43 -> 0.42068861 | C44: =C40/C43 -> 0 | D44: =D40/D43 -> 0.33224 | E44: =E40/E43 -> 0.308702 | F44: =F40/F43 -> 0.31421351 | G44: =G40/G43 -> 0.39766748 | H44: =H40/H43 -> 0.38583245 | I44: =I40/I43 -> 0.22869778 | ... N44: =N40/N43 -> 0.32658865
A45: LY | B45: 1488790000 | C45: 840718650 | D45: 2085114000 | E45: 1745893000 | F45: 1583911000 | G45: 523443475 | H45: 1028537810 | I45: 960593500 | J45: 0 | K45: 0 | L45: 132605000 | N45: =SUM(B45:L45) -> 10389606435
A46: VS LY | B46: =B40/B45-1 -> -0.44192264 | C46: =C40/C45-1 -> -1 | D46: =D40/D45-1 -> -0.64148723 | E46: =E40/E45-1 -> -0.55795974 | F46: =F40/F45-1 -> -0.63300021 | G46: =G40/G45-1 -> -0.60874715 | H46: =H40/H45-1 -> -0.48420018 | I46: =I40/I45-1 -> -0.73216038 | ... L46: =L40/L45-1 -> -0.41293692 | N46: =N41/N45-1 -> -0.012760324
L47: LFL | N47: =(SUM(B41,C41,D41,E41,F41,H41,L41)/(SUM(B45,C45,D45,E45,F45,H45,L45)))-1 -> -0.052154677
L48: LFL (excl PP, KK) | N48: =sum(B41,D41,E41,F41,H41)/sum(B45,D45,E45,F45,H45)-1 -> 0.040747629

Sheet October Detail
A1: Date | B1: PI | G1: PP | L1: PS | Q1: SC | V1: TP | AA1: VK | AF1: PIM | AK1: KOKAS | AP1: Icon Bali | AU1: Total
B2: Walk In | C2: CT | D2: Appointments | E2: Total Store | F2: Social Media | G2: Walk In | H2: CT | I2: Appointments | J2: Total Store | K2: Social Media | L2: Walk In | M2: CT | N2: Appointments | O2: Total Store | P2: Social Media | Q2: Walk In | R2: CT | S2: Appointments | T2: Total Store | U2: Social Media | V2: Walk In | W2: CT | X2: Appointments | Y2: Total Store | Z2: Social Media | AA2: Walk In | AB2: CT | AC2: Appointments | AD2: Total Store | AE2: Social Media | AF2: Walk In | AG2: CT | AH2: Appointments | AI2: Total Store | AJ2: Social Media | AK2: Walk In | AL2: CT | AM2: Appointments | AN2: Total Store | AO2: Social Media | AP2: Walk In | AQ2: CT | AR2: Appointments | AS2: Total Store | AT2: Social Media | AU2: Walk In | AV2: CT | AW2: Appointments | AX2: Total Store | AY2: Social Media
A3: 46296 | B3: =OCTOBER!B9-C3-D3 -> 45840000 | D3: 26600000 | E3: =sum(B3:D3) -> 72440000 | J3: =sum(G3:I3) -> 0 | L3: 61240000 | M3: - | N3: 29315000 | O3: =sum(L3:N3) -> 90555000 | P3: - | Q3: =OCTOBER!E9-R3-S3 -> 25500000 | S3: 9760000 | T3: =sum(Q3:S3) -> 35260000 | X3: 16605000 | Y3: =sum(V3:X3) -> 16605000 | AA3: 0 | AB3: 0 | AC3: 0 | AD3: =sum(AA3:AC3) -> 0 | AF3: =+OCTOBER!H9-AG3-AH3 -> 26039620 | AG3: 0 | AH3: 0 | AI3: =sum(AF3:AH3) -> 26039620 | AJ3: 0 | AK3: =OCTOBER!I9-(AL3+AM3+AO3) -> 0 | AM3: 8200000 | AN3: =sum(AK3:AM3) -> 8200000 | AQ3: 5000000 | AS3: =sum(AP3:AR3) -> 5000000 | AU3: =SUM(B3,G3,L3,Q3,V3,AA3,AF3,AK3,AP3) -> 158619620 | AV3: =SUM(C3,H3,M3,R3,W3,AB3,AG3,AL3,AQ3) -> 5000000 | AW3: =SUM(D3,I3,N3,S3,X3,AC3,AH3,AM3,AR3) -> 90480000 | AX3: =E3+J3+O3+T3+Y3+AD3+AI3+AN3+AS3 -> 254099620
A4: 46297 | B4: =OCTOBER!B10-C4-D4 -> 26200000 | D4: 25500000 | E4: =sum(B4:D4) -> 51700000 | J4: =sum(G4:I4) -> 0 | L4: 37550000 | M4: 12200000 | N4: - | O4: =sum(L4:N4) -> 49750000 | P4: - | Q4: =OCTOBER!E10-R4-S4 -> 24320000 | S4: 6300000 | T4: =sum(Q4:S4) -> 30620000 | V4: 37620000 | X4: 16440000 | Y4: =sum(V4:X4) -> 54060000 | AA4: 2592500 | AB4: 2847500 | AD4: =sum(AA4:AC4) -> 5440000 | AE4: 2847500 | AF4: =+OCTOBER!H10-AG4-AH4 -> 30000000 | AG4: 0 | AH4: 16500000 | AI4: =sum(AF4:AH4) -> 46500000 | AJ4: 0 | AK4: =OCTOBER!I10-(AL4+AM4+AO4) -> 0 | AN4: =sum(AK4:AM4) -> 0 | AP4: 45070000 | AR4: 12600000 | AS4: =sum(AP4:AR4) -> 57670000 | AU4: =SUM(B4,G4,L4,Q4,V4,AA4,AF4,AK4,AP4) -> 203352500 | AV4: =SUM(C4,H4,M4,R4,W4,AB4,AG4,AL4,AQ4) -> 15047500 | AW4: =SUM(D4,I4,N4,S4,X4,AC4,AH4,AM4,AR4) -> 77340000 | AX4: =E4+J4+O4+T4+Y4+AD4+AI4+AN4+AS4 -> 295740000
A5: 46298 | B5: =OCTOBER!B11-C5-D5 -> 38990000 | D5: 25610000 | E5: =sum(B5:D5) -> 64600000 | J5: =sum(G5:I5) -> 0 | L5: 38210000 | M5: - | N5: 34420000 | O5: =sum(L5:N5) -> 72630000 | P5: - | Q5: =OCTOBER!E11-R5-S5 -> 26010000 | S5: 32860000 | T5: =sum(Q5:S5) -> 58870000 | V5: =6000000+5740000 -> 11740000 | X5: =12750000+8300000+17000000 -> 38050000 | Y5: =sum(V5:X5) -> 49790000 | AA5: 11730000 | AD5: =sum(AA5:AC5) -> 11730000 | AF5: =+OCTOBER!H11-AG5-AH5 -> 69420000 | AG5: 0 | AH5: 16500000 | AI5: =sum(AF5:AH5) -> 85920000 | AJ5: 0 | AK5: =OCTOBER!I11-(AL5+AM5+AO5) -> 23300000 | AN5: =sum(AK5:AM5) -> 23300000 | AR5: 14700000 | AS5: =sum(AP5:AR5) -> 14700000 | AU5: =SUM(B5,G5,L5,Q5,V5,AA5,AF5,AK5,AP5) -> 219400000 | AV5: =SUM(C5,H5,M5,R5,W5,AB5,AG5,AL5,AQ5) -> 0 | AW5: =SUM(D5,I5,N5,S5,X5,AC5,AH5,AM5,AR5) -> 162140000 | AX5: =E5+J5+O5+T5+Y5+AD5+AI5+AN5+AS5 -> 381540000
A6: 46299 | B6: =OCTOBER!B12-C6-D6 -> 109300000 | D6: 54700000 | E6: =sum(B6:D6) -> 164000000 | J6: =sum(G6:I6) -> 0 | L6: 66830000 | M6: 11200000 | N6: 116220000 | O6: =sum(L6:N6) -> 194250000 | P6: - | Q6: =OCTOBER!E12-R6-S6 -> 51700000 | S6: 46790000 | T6: =sum(Q6:S6) -> 98490000 | V6: 7600000 | W6: 27760000 | X6: 7600000 | Y6: =sum(V6:X6) -> 42960000 | AA6: 44183750 | AD6: =sum(AA6:AC6) -> 44183750 | AF6: =+OCTOBER!H12-AG6-AH6 -> 54550000 | AG6: 0 | AH6: =+32850000+5040000+11300000 -> 49190000 | AI6: =sum(AF6:AH6) -> 103740000 | AJ6: 0 | AK6: =OCTOBER!I12-(AL6+AM6+AO6) -> 18200000 | AM6: 29970000 | AN6: =sum(AK6:AM6) -> 48170000 | AP6: 70265000 | AQ6: 0 | AR6: 0 | AS6: =sum(AP6:AR6) -> 70265000 | AU6: =SUM(B6,G6,L6,Q6,V6,AA6,AF6,AK6,AP6) -> 422628750 | AV6: =SUM(C6,H6,M6,R6,W6,AB6,AG6,AL6,AQ6) -> 38960000 | AW6: =SUM(D6,I6,N6,S6,X6,AC6,AH6,AM6,AR6) -> 304470000 | AX6: =E6+J6+O6+T6+Y6+AD6+AI6+AN6+AS6 -> 766058750
A7: 46300 | B7: 34100000 | D7: - | E7: =sum(B7:D7) -> 34100000 | J7: =sum(G7:I7) -> 0 | L7: 58540000 | M7: - | N7: 24150000 | O7: =sum(L7:N7) -> 82690000 | P7: - | Q7: =OCTOBER!E13-R7-S7 -> 31600000 | S7: 17390000 | T7: =sum(Q7:S7) -> 48990000 | X7: 14850000 | Y7: =sum(V7:X7) -> 14850000 | AA7: 5880000 | AB7: 3905000 | AD7: =sum(AA7:AC7) -> 9785000 | AE7: 3905000 | AF7: =+OCTOBER!H13-AG7-AH7 -> 6400000 | AG7: 0 | AH7: 3800000 | AI7: =sum(AF7:AH7) -> 10200000 | AJ7: - | AK7: =OCTOBER!I13-(AL7+AM7+AO7) -> 0 | AN7: =sum(AK7:AM7) -> 0 | AP7: 27388000 | AS7: =sum(AP7:AR7) -> 27388000 | AU7: =SUM(B7,G7,L7,Q7,V7,AA7,AF7,AK7,AP7) -> 163908000 | AV7: =SUM(C7,H7,M7,R7,W7,AB7,AG7,AL7,AQ7) -> 3905000 | AW7: =SUM(D7,I7,N7,S7,X7,AC7,AH7,AM7,AR7) -> 60190000 | AX7: =E7+J7+O7+T7+Y7+AD7+AI7+AN7+AS7 -> 228003000
A8: 46301 | B8: =OCTOBER!B14-C8-D8 -> 27700000 | D8: 24200000 | E8: =sum(B8:D8) -> 51900000 | J8: =sum(G8:I8) -> 0 | L8: 37100000 | M8: - | N8: 33440000 | O8: =sum(L8:N8) -> 70540000 | P8: - | Q8: =OCTOBER!E14-R8-S8 -> 13400000 | T8: =sum(Q8:S8) -> 13400000 | V8: 59780000 | X8: 25100000 | Y8: =sum(V8:X8) -> 84880000 | AA8: 8540000 | AD8: =sum(AA8:AC8) -> 8540000 | AF8: =+OCTOBER!H14-AG8-AH8 -> 21800000 | AG8: 0 | AH8: 16800000 | AI8: =sum(AF8:AH8) -> 38600000 | AJ8: 0 | AK8: =OCTOBER!I14-(AL8+AM8+AO8) -> 0 | AM8: 16500000 | AN8: =sum(AK8:AM8) -> 16500000 | AO8: 0 | AP8: 612000 | AQ8: 0 | AR8: 0 | AS8: =sum(AP8:AR8) -> 612000 | AU8: =SUM(B8,G8,L8,Q8,V8,AA8,AF8,AK8,AP8) -> 168932000 | AV8: =SUM(C8,H8,M8,R8,W8,AB8,AG8,AL8,AQ8) -> 0 | AW8: =SUM(D8,I8,N8,S8,X8,AC8,AH8,AM8,AR8) -> 116040000 | AX8: =E8+J8+O8+T8+Y8+AD8+AI8+AN8+AS8 -> 284972000
A9: 46302 | B9: =OCTOBER!B15-C9-D9 -> 24200000 | E9: =sum(B9:D9) -> 24200000 | J9: =sum(G9:I9) -> 0 | L9: 1465000 | M9: - | N9: 12400000 | O9: =sum(L9:N9) -> 13865000 | P9: - | Q9: =OCTOBER!E15-R9-S9 -> 40930000 | S9: 21600000 | T9: =sum(Q9:S9) -> 62530000 | V9: 23200000 | Y9: =sum(V9:X9) -> 23200000 | AA9: 25671250 | AD9: =sum(AA9:AC9) -> 25671250 | AF9: =+OCTOBER!H15-AG9-AH9 -> 6500000 | AG9: 0 | AH9: 0 | AI9: =sum(AF9:AH9) -> 6500000 | AJ9: 0 | AK9: =OCTOBER!I15-(AL9+AM9+AO9) -> 25500000 | AM9: 9250000 | AN9: =sum(AK9:AM9) -> 34750000 | AP9: 30400000 | AS9: =sum(AP9:AR9) -> 30400000 | AU9: =SUM(B9,G9,L9,Q9,V9,AA9,AF9,AK9,AP9) -> 177866250 | AV9: =SUM(C9,H9,M9,R9,W9,AB9,AG9,AL9,AQ9) -> 0 | AW9: =SUM(D9,I9,N9,S9,X9,AC9,AH9,AM9,AR9) -> 43250000 | AX9: =E9+J9+O9+T9+Y9+AD9+AI9+AN9+AS9 -> 221116250
A10: 46303 | B10: =OCTOBER!B16-C10-D10 -> 10700000 | D10: 15500000 | E10: =sum(B10:D10) -> 26200000 | J10: =sum(G10:I10) -> 0 | L10: 10500000 | M10: 19450000 | N10: - | O10: =sum(L10:N10) -> 29950000 | P10: - | Q10: =OCTOBER!E16-R10-S10 -> 46405000 | R10: 9500000 | S10: 16500000 | T10: =sum(Q10:S10) -> 72405000 | V10: 15720000 | X10: 31800000 | Y10: =sum(V10:X10) -> 47520000 | AA10: 19250000 | AD10: =sum(AA10:AC10) -> 19250000 | AF10: =+OCTOBER!H16-AG10-AH10 -> 21300000 | AG10: 0 | AH10: 7750000 | AI10: =sum(AF10:AH10) -> 29050000 | AJ10: 0 | AK10: =OCTOBER!I16-(AL10+AM10+AO10) -> 16870000 | AM10: 5800000 | AN10: =sum(AK10:AM10) -> 22670000 | AP10: 15520000 | AR10: 20180000 | AS10: =sum(AP10:AR10) -> 35700000 | AU10: =SUM(B10,G10,L10,Q10,V10,AA10,AF10,AK10,AP10) -> 156265000 | AV10: =SUM(C10,H10,M10,R10,W10,AB10,AG10,AL10,AQ10) -> 28950000 | AW10: =SUM(D10,I10,N10,S10,X10,AC10,AH10,AM10,AR10) -> 97530000 | AX10: =E10+J10+O10+T10+Y10+AD10+AI10+AN10+AS10 -> 282745000
A11: 46304 | B11: =OCTOBER!B17-C11-D11 -> 24410000 | D11: 32100000 | E11: =sum(B11:D11) -> 56510000 | J11: =sum(G11:I11) -> 0 | L11: 21050000 | M11: 10100000 | N11: - | O11: =sum(L11:N11) -> 31150000 | P11: - | Q11: =OCTOBER!E17-R11-S11 -> 14650000 | S11: 18200000 | T11: =sum(Q11:S11) -> 32850000 | V11: 52110000 | Y11: =sum(V11:X11) -> 52110000 | AA11: 21310000 | AD11: =sum(AA11:AC11) -> 21310000 | AF11: =+OCTOBER!H17-AG11-AH11 -> 12955000 | AG11: 6400000 | AH11: 21600000 | AI11: =sum(AF11:AH11) -> 40955000 | AJ11: 0 | AM11: 13500000 | AN11: =sum(AK11:AM11) -> 13500000 | AP11: 18900000 | AS11: =sum(AP11:AR11) -> 18900000 | AU11: =SUM(B11,G11,L11,Q11,V11,AA11,AF11,AK11,AP11) -> 165385000 | AV11: =SUM(C11,H11,M11,R11,W11,AB11,AG11,AL11,AQ11) -> 16500000 | AW11: =SUM(D11,I11,N11,S11,X11,AC11,AH11,AM11,AR11) -> 85400000 | AX11: =E11+J11+O11+T11+Y11+AD11+AI11+AN11+AS11 -> 267285000
A12: 46305 | B12: =OCTOBER!B18-C12-D12 -> 56740000 | D12: 77770000 | E12: =sum(B12:D12) -> 134510000 | J12: =sum(G12:I12) -> 0 | L12: 5300000 | M12: - | N12: 13600000 | O12: =sum(L12:N12) -> 18900000 | P12: - | Q12: =OCTOBER!E18-R12-S12 -> 60130000 | S12: 41350000 | T12: =sum(Q12:S12) -> 101480000 | V12: 22050000 | X12: 26940000 | Y12: =sum(V12:X12) -> 48990000 | AA12: 19141250 | AD12: =sum(AA12:AC12) -> 19141250 | AF12: =+OCTOBER!H18-AG12-AH12 -> 25250000 | AG12: 7600000 | AH12: 25640000 | AI12: =sum(AF12:AH12) -> 58490000 | AJ12: 0 | AK12: =OCTOBER!I18-(AL12+AM12+AO12) -> 5800000 | AN12: =sum(AK12:AM12) -> 5800000 | AP12: 0 | AQ12: 0 | AR12: 0 | AS12: =sum(AP12:AR12) -> 0 | AU12: =SUM(B12,G12,L12,Q12,V12,AA12,AF12,AK12,AP12) -> 194411250 | AV12: =SUM(C12,H12,M12,R12,W12,AB12,AG12,AL12,AQ12) -> 7600000 | AW12: =SUM(D12,I12,N12,S12,X12,AC12,AH12,AM12,AR12) -> 185300000 | AX12: =E12+J12+O12+T12+Y12+AD12+AI12+AN12+AS12 -> 387311250
A13: 46306 | B13: =OCTOBER!B19-C13-D13 -> 30110000 | D13: 37800000 | E13: =sum(B13:D13) -> 67910000 | J13: =sum(G13:I13) -> 0 | L13: 40850000 | M13: - | N13: 24750000 | O13: =sum(L13:N13) -> 65600000 | P13: - | Q13: =OCTOBER!E19-R13-S13 -> 30700000 | S13: 22300000 | T13: =sum(Q13:S13) -> 53000000 | V13: 35350000 | X13: 7400000 | Y13: =sum(V13:X13) -> 42750000 | AA13: 12082500 | AB13: 17490000 | AC13: 3400000 | AD13: =sum(AA13:AC13) -> 32972500 | AF13: =+OCTOBER!H19-AG13-AH13 -> 26105000 | AG13: 0 | AH13: 33920000 | AI13: =sum(AF13:AH13) -> 60025000 | AJ13: 0 | AK13: =OCTOBER!I19-(AL13+AM13+AO13) -> 31975000 | AM13: =22600000+6020000 -> 28620000 | AN13: =sum(AK13:AM13) -> 60595000 | AP13: 5280000 | AS13: =sum(AP13:AR13) -> 5280000 | AU13: =SUM(B13,G13,L13,Q13,V13,AA13,AF13,AK13,AP13) -> 212452500 | AV13: =SUM(C13,H13,M13,R13,W13,AB13,AG13,AL13,AQ13) -> 17490000 | AW13: =SUM(D13,I13,N13,S13,X13,AC13,AH13,AM13,AR13) -> 158190000 | AX13: =E13+J13+O13+T13+Y13+AD13+AI13+AN13+AS13 -> 388132500
A14: 46307 | B14: =OCTOBER!B20-C14-D14 -> 23400000 | D14: 30350000 | E14: =sum(B14:D14) -> 53750000 | J14: =sum(G14:I14) -> 0 | L14: 9400000 | M14: - | N14: 7280000 | O14: =sum(L14:N14) -> 16680000 | P14: - | Q14: =OCTOBER!E20-R14-S14 -> 66890000 | S14: 50100000 | T14: =sum(Q14:S14) -> 116990000 | V14: 30200000 | X14: 35770000 | Y14: =sum(V14:X14) -> 65970000 | AB14: 2975000 | AD14: =sum(AA14:AC14) -> 2975000 | AE14: 2975000 | AF14: =+OCTOBER!H20-AG14-AH14 -> 24500000 | AI14: =sum(AF14:AH14) -> 24500000 | AK14: =OCTOBER!I20-(AL14+AM14+AO14) -> 0 | AM14: 7900000 | AN14: =sum(AK14:AM14) -> 7900000 | AP14: 18800000 | AS14: =sum(AP14:AR14) -> 18800000 | AU14: =SUM(B14,G14,L14,Q14,V14,AA14,AF14,AK14,AP14) -> 173190000 | AV14: =SUM(C14,H14,M14,R14,W14,AB14,AG14,AL14,AQ14) -> 2975000 | AW14: =SUM(D14,I14,N14,S14,X14,AC14,AH14,AM14,AR14) -> 131400000 | AX14: =E14+J14+O14+T14+Y14+AD14+AI14+AN14+AS14 -> 307565000
A15: 46308 | B15: =OCTOBER!B21-C15-D15 -> 3640000 | D15: 25400000 | E15: =sum(B15:D15) -> 29040000 | J15: =sum(G15:I15) -> 0 | N15: 10980000 | O15: =sum(L15:N15) -> 10980000 | P15: - | Q15: =OCTOBER!E21-R15-S15 -> 34290000 | S15: 12580000 | T15: =sum(Q15:S15) -> 46870000 | V15: 10300000 | X15: 27310000 | Y15: =sum(V15:X15) -> 37610000 | AA15: 3800000 | AD15: =sum(AA15:AC15) -> 3800000 | AF15: =+OCTOBER!H21-AG15-AH15 -> #VALUE! | AI15: =sum(AF15:AH15) -> #VALUE! | AK15: =OCTOBER!I21-(AL15+AM15+AO15) -> 15900000 | AN15: =sum(AK15:AM15) -> 15900000 | AP15: 14720000 | AS15: =sum(AP15:AR15) -> 14720000 | AU15: =SUM(B15,G15,L15,Q15,V15,AA15,AF15,AK15,AP15) -> #VALUE! | AV15: =SUM(C15,H15,M15,R15,W15,AB15,AG15,AL15,AQ15) -> 0 | AW15: =SUM(D15,I15,N15,S15,X15,AC15,AH15,AM15,AR15) -> 76270000 | AX15: =E15+J15+O15+T15+Y15+AD15+AI15+AN15+AS15 -> #VALUE!
A16: 46309 | B16: =OCTOBER!B22-C16-D16 -> 0 | E16: =sum(B16:D16) -> 0 | J16: =sum(G16:I16) -> 0 | O16: =sum(L16:N16) -> 0 | P16: - | Q16: =OCTOBER!E22-R16-S16 -> 0 | T16: =sum(Q16:S16) -> 0 | Y16: =sum(V16:X16) -> 0 | AD16: =sum(AA16:AC16) -> 0 | AF16: =+OCTOBER!H22-AG16-AH16 -> 0 | AI16: =sum(AF16:AH16) -> 0 | AK16: =OCTOBER!I22-(AL16+AM16+AO16) -> 0 | AN16: =sum(AK16:AM16) -> 0 | AS16: =sum(AP16:AR16) -> 0 | AU16: =SUM(B16,G16,L16,Q16,V16,AA16,AF16,AK16,AP16) -> 0 | AV16: =SUM(C16,H16,M16,R16,W16,AB16,AG16,AL16,AQ16) -> 0 | AW16: =SUM(D16,I16,N16,S16,X16,AC16,AH16,AM16,AR16) -> 0 | AX16: =E16+J16+O16+T16+Y16+AD16+AI16+AN16+AS16 -> 0
A17: 46310 | B17: =OCTOBER!B23-C17-D17 -> 0 | E17: =sum(B17:D17) -> 0 | J17: =sum(G17:I17) -> 0 | O17: =sum(L17:N17) -> 0 | P17: - | Q17: =OCTOBER!E23-R17-S17 -> 0 | T17: =sum(Q17:S17) -> 0 | Y17: =sum(V17:X17) -> 0 | AD17: =sum(AA17:AC17) -> 0 | AF17: =+OCTOBER!H23-AG17-AH17 -> 0 | AI17: =sum(AF17:AH17) -> 0 | AK17: =OCTOBER!I23-(AL17+AM17+AO17) -> 0 | AN17: =sum(AK17:AM17) -> 0 | AS17: =sum(AP17:AR17) -> 0 | AU17: =SUM(B17,G17,L17,Q17,V17,AA17,AF17,AK17,AP17) -> 0 | AV17: =SUM(C17,H17,M17,R17,W17,AB17,AG17,AL17,AQ17) -> 0 | AW17: =SUM(D17,I17,N17,S17,X17,AC17,AH17,AM17,AR17) -> 0 | AX17: =E17+J17+O17+T17+Y17+AD17+AI17+AN17+AS17 -> 0
A18: 46311 | B18: =OCTOBER!B24-C18-D18 -> 0 | E18: =sum(B18:D18) -> 0 | J18: =sum(G18:I18) -> 0 | O18: =sum(L18:N18) -> 0 | P18: - | Q18: =OCTOBER!E24-R18-S18 -> 0 | T18: =sum(Q18:S18) -> 0 | Y18: =sum(V18:X18) -> 0 | AD18: =sum(AA18:AC18) -> 0 | AF18: =+OCTOBER!H24-AG18-AH18 -> 0 | AI18: =sum(AF18:AH18) -> 0 | AK18: =OCTOBER!I24-(AL18+AM18+AO18) -> 0 | AN18: =sum(AK18:AM18) -> 0 | AS18: =sum(AP18:AR18) -> 0 | AU18: =SUM(B18,G18,L18,Q18,V18,AA18,AF18,AK18,AP18) -> 0 | AV18: =SUM(C18,H18,M18,R18,W18,AB18,AG18,AL18,AQ18) -> 0 | AW18: =SUM(D18,I18,N18,S18,X18,AC18,AH18,AM18,AR18) -> 0 | AX18: =E18+J18+O18+T18+Y18+AD18+AI18+AN18+AS18 -> 0
A19: 46312 | B19: =OCTOBER!B25-C19-D19 -> 0 | E19: =sum(B19:D19) -> 0 | J19: =sum(G19:I19) -> 0 | O19: =sum(L19:N19) -> 0 | P19: - | Q19: =OCTOBER!E25-R19-S19 -> 0 | T19: =sum(Q19:S19) -> 0 | Y19: =sum(V19:X19) -> 0 | AD19: =sum(AA19:AC19) -> 0 | AF19: =+OCTOBER!H25-AG19-AH19 -> 0 | AI19: =sum(AF19:AH19) -> 0 | AK19: =OCTOBER!I25-(AL19+AM19+AO19) -> 0 | AN19: =sum(AK19:AM19) -> 0 | AS19: =sum(AP19:AR19) -> 0 | AU19: =SUM(B19,G19,L19,Q19,V19,AA19,AF19,AK19,AP19) -> 0 | AV19: =SUM(C19,H19,M19,R19,W19,AB19,AG19,AL19,AQ19) -> 0 | AW19: =SUM(D19,I19,N19,S19,X19,AC19,AH19,AM19,AR19) -> 0 | AX19: =E19+J19+O19+T19+Y19+AD19+AI19+AN19+AS19 -> 0
A20: 46313 | B20: =OCTOBER!B26-C20-D20 -> 0 | E20: =sum(B20:D20) -> 0 | J20: =sum(G20:I20) -> 0 | O20: =sum(L20:N20) -> 0 | P20: - | Q20: =OCTOBER!E26-R20-S20 -> 0 | T20: =sum(Q20:S20) -> 0 | Y20: =sum(V20:X20) -> 0 | AD20: =sum(AA20:AC20) -> 0 | AF20: =+OCTOBER!H26-AG20-AH20 -> 0 | AI20: =sum(AF20:AH20) -> 0 | AK20: =OCTOBER!I26-(AL20+AM20+AO20) -> 0 | AN20: =sum(AK20:AM20) -> 0 | AS20: =sum(AP20:AR20) -> 0 | AU20: =SUM(B20,G20,L20,Q20,V20,AA20,AF20,AK20,AP20) -> 0 | AV20: =SUM(C20,H20,M20,R20,W20,AB20,AG20,AL20,AQ20) -> 0 | AW20: =SUM(D20,I20,N20,S20,X20,AC20,AH20,AM20,AR20) -> 0 | AX20: =E20+J20+O20+T20+Y20+AD20+AI20+AN20+AS20 -> 0
A21: 46314 | B21: =OCTOBER!B27-C21-D21 -> 0 | E21: =sum(B21:D21) -> 0 | J21: =sum(G21:I21) -> 0 | O21: =sum(L21:N21) -> 0 | P21: - | Q21: =OCTOBER!E27-R21-S21 -> 0 | T21: =sum(Q21:S21) -> 0 | Y21: =sum(V21:X21) -> 0 | AD21: =sum(AA21:AC21) -> 0 | AF21: =+OCTOBER!H27-AG21-AH21 -> 0 | AI21: =sum(AF21:AH21) -> 0 | AK21: =OCTOBER!I27-(AL21+AM21+AO21) -> 0 | AN21: =sum(AK21:AM21) -> 0 | AS21: =sum(AP21:AR21) -> 0 | AU21: =SUM(B21,G21,L21,Q21,V21,AA21,AF21,AK21,AP21) -> 0 | AV21: =SUM(C21,H21,M21,R21,W21,AB21,AG21,AL21,AQ21) -> 0 | AW21: =SUM(D21,I21,N21,S21,X21,AC21,AH21,AM21,AR21) -> 0 | AX21: =E21+J21+O21+T21+Y21+AD21+AI21+AN21+AS21 -> 0
A22: 46315 | B22: =OCTOBER!B28-C22-D22 -> 0 | E22: =sum(B22:D22) -> 0 | J22: =sum(G22:I22) -> 0 | O22: =sum(L22:N22) -> 0 | P22: - | Q22: =OCTOBER!E28-R22-S22 -> 0 | T22: =sum(Q22:S22) -> 0 | Y22: =sum(V22:X22) -> 0 | AD22: =sum(AA22:AC22) -> 0 | AF22: =+OCTOBER!H28-AG22-AH22 -> 0 | AI22: =sum(AF22:AH22) -> 0 | AK22: =OCTOBER!I28-(AL22+AM22+AO22) -> 0 | AN22: =sum(AK22:AM22) -> 0 | AS22: =sum(AP22:AR22) -> 0 | AU22: =SUM(B22,G22,L22,Q22,V22,AA22,AF22,AK22,AP22) -> 0 | AV22: =SUM(C22,H22,M22,R22,W22,AB22,AG22,AL22,AQ22) -> 0 | AW22: =SUM(D22,I22,N22,S22,X22,AC22,AH22,AM22,AR22) -> 0 | AX22: =E22+J22+O22+T22+Y22+AD22+AI22+AN22+AS22 -> 0
A23: 46316 | B23: =OCTOBER!B29-C23-D23 -> 0 | E23: =sum(B23:D23) -> 0 | J23: =sum(G23:I23) -> 0 | O23: =sum(L23:N23) -> 0 | P23: - | Q23: =OCTOBER!E29-R23-S23 -> 0 | T23: =sum(Q23:S23) -> 0 | Y23: =sum(V23:X23) -> 0 | AD23: =sum(AA23:AC23) -> 0 | AF23: =+OCTOBER!H29-AG23-AH23 -> 0 | AI23: =sum(AF23:AH23) -> 0 | AK23: =OCTOBER!I29-(AL23+AM23+AO23) -> 0 | AN23: =sum(AK23:AM23) -> 0 | AS23: =sum(AP23:AR23) -> 0 | AU23: =SUM(B23,G23,L23,Q23,V23,AA23,AF23,AK23,AP23) -> 0 | AV23: =SUM(C23,H23,M23,R23,W23,AB23,AG23,AL23,AQ23) -> 0 | AW23: =SUM(D23,I23,N23,S23,X23,AC23,AH23,AM23,AR23) -> 0 | AX23: =E23+J23+O23+T23+Y23+AD23+AI23+AN23+AS23 -> 0
A24: 46317 | B24: =OCTOBER!B30-C24-D24 -> 0 | E24: =sum(B24:D24) -> 0 | J24: =sum(G24:I24) -> 0 | O24: =sum(L24:N24) -> 0 | Q24: =OCTOBER!E30-R24-S24 -> 0 | T24: =sum(Q24:S24) -> 0 | Y24: =sum(V24:X24) -> 0 | AD24: =sum(AA24:AC24) -> 0 | AF24: =+OCTOBER!H30-AG24-AH24 -> 0 | AI24: =sum(AF24:AH24) -> 0 | AK24: =OCTOBER!I30-(AL24+AM24+AO24) -> 0 | AN24: =sum(AK24:AM24) -> 0 | AS24: =sum(AP24:AR24) -> 0 | AU24: =SUM(B24,G24,L24,Q24,V24,AA24,AF24,AK24,AP24) -> 0 | AV24: =SUM(C24,H24,M24,R24,W24,AB24,AG24,AL24,AQ24) -> 0 | AW24: =SUM(D24,I24,N24,S24,X24,AC24,AH24,AM24,AR24) -> 0 | AX24: =E24+J24+O24+T24+Y24+AD24+AI24+AN24+AS24 -> 0
A25: 46318 | B25: =OCTOBER!B31-C25-D25 -> 0 | E25: =sum(B25:D25) -> 0 | J25: =sum(G25:I25) -> 0 | O25: =sum(L25:N25) -> 0 | Q25: =OCTOBER!E31-R25-S25 -> 0 | T25: =sum(Q25:S25) -> 0 | Y25: =sum(V25:X25) -> 0 | AD25: =sum(AA25:AC25) -> 0 | AF25: =+OCTOBER!H31-AG25-AH25 -> 0 | AI25: =sum(AF25:AH25) -> 0 | AK25: =OCTOBER!I31-(AL25+AM25+AO25) -> 0 | AN25: =sum(AK25:AM25) -> 0 | AS25: =sum(AP25:AR25) -> 0 | AU25: =SUM(B25,G25,L25,Q25,V25,AA25,AF25,AK25,AP25) -> 0 | AV25: =SUM(C25,H25,M25,R25,W25,AB25,AG25,AL25,AQ25) -> 0 | AW25: =SUM(D25,I25,N25,S25,X25,AC25,AH25,AM25,AR25) -> 0 | AX25: =E25+J25+O25+T25+Y25+AD25+AI25+AN25+AS25 -> 0
A26: 46319 | B26: =OCTOBER!B32-C26-D26 -> 0 | E26: =sum(B26:D26) -> 0 | J26: =sum(G26:I26) -> 0 | O26: =sum(L26:N26) -> 0 | Q26: =OCTOBER!E32-R26-S26 -> 0 | T26: =sum(Q26:S26) -> 0 | Y26: =sum(V26:X26) -> 0 | AD26: =sum(AA26:AC26) -> 0 | AF26: =+OCTOBER!H32-AG26-AH26 -> 0 | AI26: =sum(AF26:AH26) -> 0 | AK26: =OCTOBER!I32-(AL26+AM26+AO26) -> 0 | AN26: =sum(AK26:AM26) -> 0 | AS26: =sum(AP26:AR26) -> 0 | AU26: =SUM(B26,G26,L27,Q26,V26,AA26,AF26,AK26,AP26) -> 0 | AV26: =SUM(C26,H26,M27,R26,W26,AB26,AG26,AL26,AQ26) -> 0 | AW26: =SUM(D26,I26,N27,S26,X26,AC26,AH26,AM26,AR26) -> 0 | AX26: =E26+J26+O27+T26+Y26+AD26+AI26+AN26+AS26 -> 0
A27: 46320 | B27: =OCTOBER!B33-C27-D27 -> 0 | E27: =sum(B27:D27) -> 0 | J27: =sum(G27:I27) -> 0 | O27: =sum(L27:N27) -> 0 | Q27: =OCTOBER!E33-R27-S27 -> 0 | T27: =sum(Q27:S27) -> 0 | Y27: =sum(V27:X27) -> 0 | AD27: =sum(AA27:AC27) -> 0 | AF27: =+OCTOBER!H33-AG27-AH27 -> 0 | AI27: =sum(AF27:AH27) -> 0 | AK27: =OCTOBER!I33-(AL27+AM27+AO27) -> 0 | AN27: =sum(AK27:AM27) -> 0 | AS27: =sum(AP27:AR27) -> 0 | AU27: =SUM(B27,G27,L28,Q27,V27,AA27,AF27,AK27,AP27) -> 0 | AV27: =SUM(C27,H27,M28,R27,W27,AB27,AG27,AL27,AQ27) -> 0 | AW27: =SUM(D27,I27,N28,S27,X27,AC27,AH27,AM27,AR27) -> 0 | AX27: =E27+J27+O28+T27+Y27+AD27+AI27+AN27+AS27 -> 0
A28: 46321 | B28: =OCTOBER!B34-C28-D28 -> 0 | E28: =sum(B28:D28) -> 0 | J28: =sum(G28:I28) -> 0 | O28: =sum(L28:N28) -> 0 | Q28: =OCTOBER!E34-R28-S28 -> 0 | T28: =sum(Q28:S28) -> 0 | Y28: =sum(V28:X28) -> 0 | AD28: =sum(AA28:AC28) -> 0 | AF28: =+OCTOBER!H34-AG28-AH28 -> 0 | AI28: =sum(AF28:AH28) -> 0 | AK28: =OCTOBER!I34-(AL28+AM28+AO28) -> 0 | AN28: =sum(AK28:AM28) -> 0 | AS28: =sum(AP28:AR28) -> 0 | AU28: =SUM(B28,G28,L29,Q28,V28,AA28,AF28,AK28,AP28) -> 0 | AV28: =SUM(C28,H28,M29,R28,W28,AB28,AG28,AL28,AQ28) -> 0 | AW28: =SUM(D28,I28,N29,S28,X28,AC28,AH28,AM28,AR28) -> 0 | AX28: =E28+J28+O29+T28+Y28+AD28+AI28+AN28+AS28 -> 0
A29: 46322 | B29: =OCTOBER!B35-C29-D29 -> 0 | E29: =sum(B29:D29) -> 0 | J29: =sum(G29:I29) -> 0 | O29: =sum(L29:N29) -> 0 | Q29: =OCTOBER!E35-R29-S29 -> 0 | T29: =sum(Q29:S29) -> 0 | Y29: =sum(V29:X29) -> 0 | AD29: =sum(AA29:AC29) -> 0 | AF29: =+OCTOBER!H35-AG29-AH29 -> 0 | AI29: =sum(AF29:AH29) -> 0 | AK29: =OCTOBER!I35-(AL29+AM29+AO29) -> 0 | AN29: =sum(AK29:AM29) -> 0 | AS29: =sum(AP29:AR29) -> 0 | AU29: =SUM(B29,G29,L29,Q29,V29,AA29,AF29,AK29,AP29) -> 0 | AV29: =SUM(C29,H29,M29,R29,W29,AB29,AG29,AL29,AQ29) -> 0 | AW29: =SUM(D29,I29,N29,S29,X29,AC29,AH29,AM29,AR29) -> 0 | AX29: =E29+J29+O29+T29+Y29+AD29+AI29+AN29+AS29 -> 0
A30: 46323 | B30: =OCTOBER!B36-C30-D30 -> 0 | E30: =sum(B30:D30) -> 0 | J30: =sum(G30:I30) -> 0 | O30: =sum(L30:N30) -> 0 | Q30: =OCTOBER!E36-R30-S30 -> 0 | T30: =sum(Q30:S30) -> 0 | Y30: =sum(V30:X30) -> 0 | AD30: =sum(AA30:AC30) -> 0 | AF30: =+OCTOBER!H36-AG30-AH30 -> 0 | AI30: =sum(AF30:AH30) -> 0 | AK30: =OCTOBER!I36-(AL30+AM30+AO30) -> 0 | AN30: =sum(AK30:AM30) -> 0 | AS30: =sum(AP30:AR30) -> 0 | AU30: =SUM(B30,G30,L30,Q30,V30,AA30,AF30,AK30,AP30) -> 0 | AV30: =SUM(C30,H30,M30,R30,W30,AB30,AG30,AL30,AQ30) -> 0 | AW30: =SUM(D30,I30,N30,S30,X30,AC30,AH30,AM30,AR30) -> 0 | AX30: =E30+J30+O30+T30+Y30+AD30+AI30+AN30+AS30 -> 0
A31: 46324 | B31: =OCTOBER!B37-C31-D31 -> 0 | E31: =sum(B31:D31) -> 0 | J31: =sum(G31:I31) -> 0 | O31: =sum(L31:N31) -> 0 | Q31: =OCTOBER!E37-R31-S31 -> 0 | T31: =sum(Q31:S31) -> 0 | Y31: =sum(V31:X31) -> 0 | AD31: =sum(AA31:AC31) -> 0 | AF31: =+OCTOBER!H37-AG31-AH31 -> 0 | AI31: =sum(AF31:AH31) -> 0 | AK31: =OCTOBER!I37-(AL31+AM31+AO31) -> 0 | AN31: =sum(AK31:AM31) -> 0 | AS31: =sum(AP31:AR31) -> 0 | AU31: =SUM(B31,G31,L31,Q31,V31,AA31,AF31,AK31,AP31) -> 0 | AV31: =SUM(C31,H31,M31,R31,W31,AB31,AG31,AL31,AQ31) -> 0 | AW31: =SUM(D31,I31,N31,S31,X31,AC31,AH31,AM31,AR31) -> 0 | AX31: =E31+J31+O31+T31+Y31+AD31+AI31+AN31+AS31 -> 0
A32: 46325 | B32: =OCTOBER!B38-C32-D32 -> 0 | Q32: =OCTOBER!E38-R32-S32 -> 0 | AF32: =+OCTOBER!H38-AG32-AH32 -> 0 | AK32: =OCTOBER!I38-(AL32+AM32+AO32) -> 0
A33: 46326 | B33: =OCTOBER!B39-C33-D33 -> 0 | E33: =sum(B33:D33) -> 0 | J33: =sum(G33:I33) -> 0 | O33: =sum(L33:N33) -> 0 | Q33: =OCTOBER!E39-R33-S33 -> 0 | T33: =sum(Q33:S33) -> 0 | Y33: =sum(V33:X33) -> 0 | AD33: =sum(AA33:AC33) -> 0 | AF33: =+OCTOBER!H39-AG33-AH33 -> 0 | AI33: =sum(AF33:AH33) -> 0 | AK33: =OCTOBER!I39-(AL33+AM33+AO33) -> 0 | AN33: =sum(AK33:AM33) -> 0 | AS33: =sum(AP33:AR33) -> 0 | AU33: =SUM(B33,G33,L33,Q33,V33,AA33,AF33,AK33,AP33) -> 0 | AV33: =SUM(C33,H33,M33,R33,W33,AB33,AG33,AL33,AQ33) -> 0 | AW33: =SUM(D33,I33,N33,S33,X33,AC33,AH33,AM33,AR33) -> 0 | AX33: =E33+J33+O33+T33+Y33+AD33+AI33+AN33+AS33 -> 0
A34: Total Month | B34: =SUM(B3:B33) -> 455330000 | C34: =SUM(C3:C33) -> 0 | D34: =SUM(D3:D33) -> 375530000 | E34: =SUM(E3:E33) -> 830860000 | F34: =SUM(F3:F33) -> 0 | G34: =SUM(G3:G33) -> 0 | H34: =SUM(H3:H33) -> 0 | I34: =SUM(I3:I33) -> 0 | ... AY34: =SUM(AY3:AY33) -> 0
A35: Sales Mix | B35: =B34/E34 -> 0.54802253 | C35: =C34/E34 -> 0 | D35: =D34/E34 -> 0.45197747 | F35: =F34/E34 -> 0 | G35: =G34/J34 -> #DIV/0! | H35: =H34/J34 -> #DIV/0! | I35: =I34/J34 -> #DIV/0! | K35: =K34/J34 -> #DIV/0! | L35: =L34/O34 -> 0.51908259 | M35: =M34/O34 -> 0.07083233 | N35: =N34/O34 -> 0.41008508 | P35: =P34/O34 -> 0 | Q35: =Q34/T34 -> 0.60449884 | R35: =R34/T34 -> 0.012309606 | S35: =S34/T34 -> 0.38319156 | U35: =U34/T34 -> 0 | V35: =V34/Y34 -> 0.52584316 | W35: =W34/Y34 -> 0.047755443 | X35: =X34/Y34 -> 0.4264014 | Z35: =Z34/Y34 -> 0 | AA35: =AA34/AD34 -> 0.85049958 | AB35: =AB34/AD34 -> 0.13289876 | AC35: =AC34/AD34 -> 0.016601664 | AE35: =AE34/AD34 -> 0.047497849 | AF35: =AF34/AI34 -> #VALUE! | AG35: =AG34/AI34 -> #VALUE! | AH35: =AH34/AI34 -> #VALUE! | AJ35: =AJ34/AI34 -> #VALUE! | AK35: =AK34/AN34 -> 0.53460171 | AL35: =AL34/AN34 -> 0 | AM35: =AM34/AN34 -> 0.46539829 | AO35: =AO34/AN34 -> 0 | AP35: =AP34/AS34 -> 0.82473659 | AQ35: =AQ34/AS34 -> 0.016698115 | AR35: =AR34/AS34 -> 0.1585653 | AT35: =AT34/AS34 -> 0 | AU35: =AU34/AX34 -> #VALUE! | AV35: =AV34/AX34 -> #VALUE! | AW35: =AW34/AX34 -> #VALUE! | AY35: =AY34/AX34 -> #VALUE!
AU36: =sum(AU20:AU26) -> 0 | AV36: =sum(AV20:AV26) -> 0 | AW36: =sum(AW20:AW26) -> 0 | AX36: =sum(AX20:AX26) -> 0
B38: =sum(B3:B8) -> 282130000 | C38: =sum(C3:C8) -> 0 | D38: =sum(D3:D8) -> 156610000 | E38: =sum(E3:E33) -> 830860000 | G38: =sum(G3:G8) -> 0 | H38: =sum(H3:H8) -> 0 | I38: =sum(I3:I8) -> 0 | J38: =sum(J3:J8) -> 0 | L38: =sum(L3:L8) -> 299470000 | M38: =sum(M3:M8) -> 23400000 | N38: =sum(N3:N8) -> 237545000 | O38: =sum(O3:O8) -> 560415000 | Q38: =sum(Q3:Q8) -> 172530000 | R38: =sum(R3:R8) -> 0 | S38: =sum(S3:S8) -> 113100000 | T38: =sum(T3:T8) -> 285630000 | V38: =sum(V3:V8) -> 116740000 | W38: =sum(W3:W8) -> 27760000 | X38: =sum(X3:X8) -> 118645000 | Y38: =sum(Y3:Y8) -> 263145000 | AA38: =sum(AA3:AA8) -> 72926250 | AB38: =sum(AB3:AB8) -> 6752500 | AC38: =sum(AC3:AC8) -> 0 | AD38: =sum(AD3:AD8) -> 79678750 | AF38: =sum(AF3:AF8) -> 208209620 | AG38: =sum(AG3:AG8) -> 0 | AH38: =sum(AH3:AH8) -> 102790000 | AI38: =sum(AI3:AI8) -> 310999620 | AK38: =sum(AK3:AK8) -> 41500000 | AL38: =sum(AL3:AL8) -> 0 | AM38: =sum(AM3:AM8) -> 54670000 | AN38: =sum(AN3:AN8) -> 96170000 | AP38: =sum(AP3:AP8) -> 143335000 | AQ38: =sum(AQ3:AQ8) -> 5000000 | AR38: =sum(AR3:AR8) -> 27300000 | AS38: =sum(AS3:AS8) -> 175635000 | AU38: =sum(AU21:AU27) -> 0 | AV38: =sum(AV21:AV27) -> 0 | AW38: =sum(AW21:AW27) -> 0 | AX38: =sum(AX21:AX27) -> 0
B39: =B38/E38 -> 0.33956383 | C39: =C38/E38 -> 0 | D39: =D38/E38 -> 0.18849144 | G39: =G38/J38 -> #DIV/0! | H39: =H38/J38 -> #DIV/0! | I39: =I38/J38 -> #DIV/0! | L39: =L38/O38 -> 0.53437185 | M39: =M38/O38 -> 0.041754771 | N39: =N38/O38 -> 0.42387338 | Q39: =Q38/T38 -> 0.60403319 | R39: =R38/T38 -> 0 | S39: =S38/T38 -> 0.39596681 | V39: =V38/Y38 -> 0.44363374 | W39: =W38/Y38 -> 0.10549317 | X39: =X38/Y38 -> 0.45087309 | AA39: =AA38/AD38 -> 0.91525344 | AB39: =AB38/AD38 -> 0.08474656 | AC39: =AC38/AD38 -> 0 | AF39: =AF38/AI38 -> 0.66948513 | AG39: =AG38/AI38 -> 0 | AH39: =AH38/AI38 -> 0.33051487 | AK39: =AK38/AN38 -> 0.4315275 | AL39: =AL38/AN38 -> 0 | AM39: =AM38/AN38 -> 0.5684725 | AP39: =AP38/AS38 -> 0.81609588 | AQ39: =AQ38/AS38 -> 0.02846813 | AR39: =AR38/AS38 -> 0.15543599 | AU39: =AU38/AX38 -> #DIV/0! | AV39: =AV38/AX38 -> #DIV/0! | AW39: =AW38/AX38 -> #DIV/0! | AX39: =sum(AX10:AX16) -> #VALUE! | AY39: =sum(AY10:AY16) -> 0
AU40: =AU39/AX39 -> #DIV/0! | AV40: =AV39/AX39 -> #DIV/0! | AW40: =AW39/AX39 -> #DIV/0!

Sheet SEPTEMBER
B1: Total Hari | C1: 30 | G1: Copy for Closing Sales ( hanya yang di dalam kotak)
B2: Tanggal | C2: 30 | D2: ( isi dengan tanggal pengisian terakhir) | G2: =TODAY() -> 46308
G3: Total Daily Sales: | H3: =M38 -> 267673750
G4: Total MTD: | H4: =+M39 -> 12350206000 | I4: =N39 -> 0.97012733
G5: Ekspol: | H5: =M40 -> 12350206000 | I5: =M41 -> 0.97012733
G6: TL: | H6: =N39 -> 0.97012733 | I6: =100%/$C$1*C2 -> 1
B7: Sales tolong di isi oleh masing2 toko
A8: Date | B8: PI | C8: PP | D8: PS | E8: SC | F8: TP | G8: VK | H8: PIM | I8: KOKAS | J8: Icon Bali | K8: TBOS | M8: Total TB | N8: Achievement
A9: 46266 | B9: 111155000 | D9: 85430000 | E9: 56700000 | F9: 35700000 | G9: 9422250 | H9: 6000000 | I9: 12400000 | J9: 25940000 | K9: 0 | M9: =SUM(B9:L9) -> 342747250
A10: 46267 | B10: 34040000 | D10: 85095000 | E10: 59880000 | F10: 41585000 | G10: 9633750 | H10: 33710000 | I10: 0 | J10: 13900000 | K10: 9800000 | M10: =SUM(B10:L10) -> 287643750
A11: 46268 | B11: 42770000 | D11: 41170000 | E11: 52440000 | F11: 25690000 | G11: 3612500 | H11: 60200000 | I11: 123670000 | J11: 33860000 | K11: 14400000 | M11: =SUM(B11:L11) -> 397812500
A12: 46269 | B12: 139300000 | D12: 168925000 | E12: 227390000 | F12: 0 | G12: 37751250 | H12: 91450000 | I12: 133100000 | J12: 14200000 | K12: 0 | M12: =SUM(B12:L12) -> 812116250
A13: 46270 | B13: 92310000 | D13: 61525000 | E13: 187740000 | F13: 39550000 | G13: 20542500 | H13: 157760000 | I13: 53720000 | J13: 69500000 | K13: 0 | M13: =SUM(B13:L13) -> 682647500
A14: 46271 | B14: 158540000 | D14: 191835000 | E14: 260470000 | F14: 53440000 | G14: 9170000 | H14: 40960000 | I14: 65200000 | J14: 67220000 | K14: 0 | M14: =SUM(B14:L14) -> 846835000
A15: 46272 | B15: 14250000 | D15: 56975000 | E15: 59560000 | F15: 195190000 | G15: 3378750 | H15: 40400000 | I15: 0 | J15: 5800000 | K15: 61900000 | M15: =SUM(B15:L15) -> 437453750
A16: 46273 | B16: 46520000 | D16: 46090000 | E16: 50340000 | F16: 19865000 | G16: 7500000 | H16: 33750000 | I16: =5110000+31320000 -> 36430000 | J16: 35500000 | K16: 5525000 | M16: =SUM(B16:L16) -> 281520000
A17: 46274 | B17: 40070000 | D17: - | E17: 47280000 | F17: 26930000 | G17: 0 | H17: 52750000 | I17: =82030000+107460000 -> 189490000 | J17: 43400000 | K17: 6885000 | M17: =SUM(B17:K17) -> 406805000
A18: 46275 | B18: 51865000 | D18: 80820000 | E18: 74650000 | F18: 37850000 | G18: 52562500 | H18: 61565000 | I18: 0 | J18: 20100000 | K18: 31415000 | M18: =SUM(B18:K18) -> 410827500
A19: 46276 | B19: 35800000 | D19: 51000000 | E19: 51390000 | F19: 33000000 | G19: 10950000 | H19: 14400000 | I19: 29100000 | J19: 45000000 | K19: 0 | M19: =SUM(B19:K19) -> 270640000
A20: 46277 | B20: 95755000 | D20: 100110000 | E20: 96700000 | F20: 47685000 | G20: 25655000 | H20: 22080000 | I20: 52500000 | J20: 18850000 | K20: 0 | M20: =SUM(B20:K20) -> 459335000
A21: 46278 | B21: 43240000 | D21: 66000000 | E21: 86850000 | F21: 49700000 | G21: 0 | H21: 74020000 | I21: 48360000 | J21: 0 | K21: 0 | M21: =SUM(B21:K21) -> 368170000
A22: 46279 | B22: 16410000 | D22: 6400000 | E22: 28240000 | F22: 50140000 | G22: 23843750 | H22: 27200000 | I22: 5200000 | J22: 0 | K22: 26800000 | M22: =SUM(B22:K22) -> 184233750
A23: 46280 | B23: 91885000 | D23: 33520000 | E23: 37530000 | F23: 18040000 | G23: 5880000 | H23: 29500000 | I23: 7920000 | J23: 11300000 | K23: 11600000 | M23: =SUM(B23:K23) -> 247175000
A24: 46281 | B24: 63870000 | D24: 73950000 | E24: 98990000 | F24: 76065000 | G24: 4380000 | H24: 36200000 | I24: 22600000 | J24: 2250000 | K24: 5880000 | M24: =SUM(B24:K24) -> 384185000
A25: 46282 | B25: 43945000 | D25: 105150000 | E25: 64050000 | F25: 37750000 | G25: 0 | H25: 60510000 | I25: 16500000 | J25: 5800000 | K25: 13432000 | M25: =SUM(B25:K25) -> 347137000
A26: 46283 | B26: 46280000 | D26: 35065000 | E26: 89680000 | F26: 36350000 | G26: 6627500 | H26: 42100000 | I26: 56300000 | J26: 50250000 | K26: 16500000 | M26: =SUM(B26:K26) -> 379152500
A27: 46284 | B27: 63150000 | D27: 136930000 | E27: 20900000 | F27: 192540000 | G27: 5440000 | H27: 64580000 | I27: 58765000 | J27: 23800000 | K27: 0 | M27: =SUM(B27:K27) -> 566105000
A28: 46285 | B28: 65745000 | D28: 94907500 | E28: 105090000 | F28: 94300000 | G28: 15406250 | H28: 63500000 | I28: 46790000 | J28: 40700000 | K28: 0 | M28: =SUM(B28:K28) -> 526438750
A29: 46286 | B29: 63270000 | D29: 108520000 | E29: 56350000 | F29: 77510000 | G29: 3166250 | H29: 67610000 | I29: 11360000 | J29: 20850000 | K29: 0 | M29: =SUM(B29:K29) -> 408636250
... A31: 46288 | B31: 27950000 | D31: 33900000 | E31: 35130000 | F31: 42570000 | G31: 3808000 | H31: 44160000 | I31: 7000000 | J31: 15100000 | K31: 0 | M31: =SUM(B31:K31) -> 209618000
A32: 46289 | B32: - | D32: 47020000 | E32: 32840000 | F32: 46540000 | G32: 11760000 | H32: 40900000 | I32: 21650000 | J32: 79710000 | K32: 14500000 | M32: =SUM(B32:K32) -> 294920000
A33: 46290 | B33: 77760000 | D33: 33040000 | E33: 64270000 | F33: 46650000 | G33: 22158750 | H33: 21610000 | I33: 10300000 | J33: 17860000 | K33: 14500000 | M33: =SUM(B33:K33) -> 308148750
A34: 46291 | B34: 92870000 | D34: 70920000 | E34: 145105000 | F34: 124970000 | G34: 40835000 | H34: 102900000 | I34: 18465000 | J34: 57930000 | K34: 0 | M34: =SUM(B34:K34) -> 653995000
A35: 46292 | B35: 108560000 | D35: 95680000 | E35: 141430000 | F35: 76350000 | G35: 53625000 | H35: 42475000 | I35: 39000000 | J35: 13600000 | K35: 0 | M35: =SUM(B35:K35) -> 570720000
A36: 46293 | B36: 36640000 | D36: 17000000 | E36: 21700000 | F36: 53700000 | G36: 9698500 | H36: 43100000 | I36: 0 | J36: 0 | K36: 59745000 | M36: =SUM(B36:K36) -> 241583500
A37: 46294 | B37: 54640000 | D37: 38600000 | E37: 70090000 | F37: 40623500 | G37: 29608000 | H37: 75100000 | I37: 14850000 | J37: 24200000 | K37: 6660000 | M37: =SUM(B37:K37) -> 354371500
A38: 46295 | B38: 26650000 | D38: 43030000 | E38: 36440000 | F38: 62310000 | G38: 8723750 | H38: 3150000 | I38: 0 | J38: 57610000 | K38: 29760000 | M38: =SUM(B38:K38) -> 267673750
A39: Total Month | B39: =SUM(B9:B38) -> 1870810000 | C39: =SUM(C9:C38) -> 0 | D39: =SUM(D9:D38) -> 2052717500 | E39: =SUM(E9:E38) -> 2452325000 | F39: =SUM(F9:F38) -> 1713843500 | G39: =SUM(G9:G38) -> 437583000 | H39: =SUM(H9:H38) -> 1481940000 | I39: =SUM(I9:I38) -> 1092270000 | ... K39: =SUM(K9:K38) -> 352202000 | M39: =SUM(M9:M38) -> 12350206000 | N39: =M39/M42 -> 0.97012733
A40: Expol | B40: =B39*$C$1/$C$2 -> 1870810000 | C40: =C39*$C$1/$C$2 -> 0 | D40: =D39*$C$1/$C$2 -> 2052717500 | E40: =E39*$C$1/$C$2 -> 2452325000 | F40: =F39*$C$1/$C$2 -> 1713843500 | G40: =G39/C2*C1 -> 437583000 | H40: =H39*$C$1/$C$2 -> 1481940000 | I40: =I39*$C$1/$C$2 -> 1092270000 | J40: =J39*$C$1/$C$2 -> 896515000 | K40: =K39*$C$1/$C$2 -> 352202000 | L40: =L39*$C$1/$C$2 -> 0 | M40: =SUM(B40:L40) -> 12350206000
A41: % Expol | B41: =B40/B42 -> 1.0690343 | C41: =C40/C42 -> #DIV/0! | D41: =D40/D42 -> 0.821087 | E41: =E40/E42 -> 0.95235922 | F41: =F40/F42 -> 0.95213528 | G41: =G40/G42 -> 0.875166 | H41: =H40/H42 -> 1.0047051 | I41: =I40/I42 -> 1.0402571 | ... K41: =K40/K42 -> 1.0656641 | M41: =M40/M42 -> 0.97012733
A42: Target | B42: 1750000000 | C42: 0 | D42: 2500000000 | E42: 2575000000 | F42: 1800000000 | G42: 500000000 | H42: 1475000000 | I42: 1050000000 | J42: 750000000 | K42: 330500000 | M42: =SUM(B42:L42) -> 12730500000
A43: Achievement | B43: =B39/B42 -> 1.0690343 | C43: =C39/C42 -> #DIV/0! | D43: =D39/D42 -> 0.821087 | E43: =E39/E42 -> 0.95235922 | F43: =F39/F42 -> 0.95213528 | G43: =G39/G42 -> 0.875166 | H43: =H39/H42 -> 1.0047051 | I43: =I39/I42 -> 1.0402571 | ... M43: =M39/M42 -> 0.97012733
A44: LY | B44: 1492864500 | C44: 861609250 | D44: 1612195500 | E44: 1501346000 | F44: 1726258000 | G44: 363880500 | H44: 1076273500 | I44: 964732450 | J44: 0 | K44: 150805000 | M44: =SUM(B44:K44) -> 9749964700
A45: VS LY | B45: =B39/B44-1 -> 0.25316799 | C45: =C39/C44-1 -> -1 | D45: =D39/D44-1 -> 0.27324354 | E45: =E39/E44-1 -> 0.63341761 | F45: =F39/F44-1 -> -0.007191567 | G45: =G39/G44-1 -> 0.20254589 | H45: =H39/H44-1 -> 0.37691767 | I45: =I39/I44-1 -> 0.13219992 | ... K45: =K39/K44-1 -> 1.3354796 | M45: =M40/M44-1 -> 0.26669238
A46: Run Rate Target by day | B46: =(B42-B39)/(C1-C2) -> #DIV/0! | D46: =(D42-D39)/(C1-C2) -> #DIV/0! | E46: =(E42-E39)/(C1-C2) -> #DIV/0! | F46: =(F42-F39)/(C1-C2) -> #DIV/0! | G46: =(G42-G39)/(C1-C2) -> #DIV/0! | H46: =(H42-H39)/(C1-C2) -> #DIV/0! | I46: =(I42-I39)/(C1-C2) -> #DIV/0! | J46: =(J42-J39)/(C1-C2) -> #DIV/0! | K46: =(K42-K39)/(C1-C2) -> #DIV/0! | L46: =(L42-L39)/(D1-D2) -> #VALUE! | M46: =(M42-M39)/(C1-C2) -> #DIV/0!
K47: LFL | M47: =(SUM(B40,C40,D40,E40,F40,H40,K40)/(SUM(B44,C44,D44,E44,F44,H44,K44)))-1 -> 0.1784139
K48: LFL (excl PP, KK) | M48: =sum(B40,D40,E40,F40,H40)/sum(B44,D44,E44,F44,H44)-1 -> 0.291904

Sheet September Detail
A1: Date | B1: PI | G1: PP | L1: PS | Q1: SC | V1: TP | AA1: VK | AF1: PIM | AK1: KOKAS | AP1: Icon Bali | AU1: Total
B2: Walk In | C2: CT | D2: Appointments | E2: Total Store | F2: Social Media | G2: Walk In | H2: CT | I2: Appointments | J2: Total Store | K2: Social Media | L2: Walk In | M2: CT | N2: Appointments | O2: Total Store | P2: Social Media | Q2: Walk In | R2: CT | S2: Appointments | T2: Total Store | U2: Social Media | V2: Walk In | W2: CT | X2: Appointments | Y2: Total Store | Z2: Social Media | AA2: Walk In | AB2: CT | AC2: Appointments | AD2: Total Store | AE2: Social Media | AF2: Walk In | AG2: CT | AH2: Appointments | AI2: Total Store | AJ2: Social Media | AK2: Walk In | AL2: CT | AM2: Appointments | AN2: Total Store | AO2: Social Media | AP2: Walk In | AQ2: CT | AR2: Appointments | AS2: Total Store | AT2: Social Media | AU2: Walk In | AV2: CT | AW2: Appointments | AX2: Total Store | AY2: Social Media
A3: 46266 | B3: =SEPTEMBER!B9-C3-D3 -> 92255000 | D3: 18900000 | E3: =sum(B3:D3) -> 111155000 | J3: =sum(G3:I3) -> 0 | L3: 63620000 | M3: - | N3: 21810000 | O3: =sum(L3:N3) -> 85430000 | P3: - | Q3: =SEPTEMBER!E9-R3-S3 -> 28900000 | S3: 27800000 | T3: =sum(Q3:S3) -> 56700000 | V3: 35700000 | Y3: =sum(V3:X3) -> 35700000 | AA3: 9422250 | AD3: =sum(AA3:AC3) -> 9422250 | AF3: =+SEPTEMBER!H9-(AG3+AH3) -> 6000000 | AG3: 0 | AH3: 0 | AI3: =sum(AF3:AH3) -> 6000000 | AK3: =+SEPTEMBER!I9-(AL3+AM3+AO3) -> 0 | AM3: 12400000 | AN3: =sum(AK3:AM3) -> 12400000 | AP3: 25940000 | AS3: =sum(AP3:AR3) -> 25940000 | AU3: =SUM(B3,G3,L3,Q3,V3,AA3,AF3,AK3,AP3) -> 261837250 | AV3: =SUM(C3,H3,M3,R3,W3,AB3,AG3,AL3,AQ3) -> 0 | AW3: =SUM(D3,I3,N3,S3,X3,AC3,AH3,AM3,AR3) -> 80910000 | AX3: =E3+J3+O3+T3+Y3+AD3+AI3+AN3+AS3 -> 342747250
A4: 46267 | B4: =SEPTEMBER!B10-C4-D4 -> 14940000 | D4: 19100000 | E4: =sum(B4:D4) -> 34040000 | J4: =sum(G4:I4) -> 0 | L4: 75150000 | M4: - | N4: 9945000 | O4: =sum(L4:N4) -> 85095000 | P4: - | Q4: =SEPTEMBER!E10-R4-S4 -> 44780000 | S4: 15100000 | T4: =sum(Q4:S4) -> 59880000 | V4: 14690000 | X4: 26895000 | Y4: =sum(V4:X4) -> 41585000 | AA4: 9633750 | AD4: =sum(AA4:AC4) -> 9633750 | AF4: =+SEPTEMBER!H10-(AG4+AH4) -> 27910000 | AG4: 0 | AH4: 5800000 | AI4: =sum(AF4:AH4) -> 33710000 | AK4: =+SEPTEMBER!I10-(AL4+AM4) -> 0 | AL4: 0 | AM4: 0 | AN4: =sum(AK4:AM4) -> 0 | AP4: 13900000 | AS4: =sum(AP4:AR4) -> 13900000 | AU4: =SUM(B4,G4,L4,Q4,V4,AA4,AF4,AK4,AP4) -> 201003750 | AV4: =SUM(C4,H4,M4,R4,W4,AB4,AG4,AL4,AQ4) -> 0 | AW4: =SUM(D4,I4,N4,S4,X4,AC4,AH4,AM4,AR4) -> 76840000 | AX4: =E4+J4+O4+T4+Y4+AD4+AI4+AN4+AS4 -> 277843750
A5: 46268 | B5: =SEPTEMBER!B11-C5-D5 -> 33870000 | D5: 8900000 | E5: =sum(B5:D5) -> 42770000 | J5: =sum(G5:I5) -> 0 | L5: 27070000 | M5: 14100000 | N5: - | O5: =sum(L5:N5) -> 41170000 | P5: - | Q5: =SEPTEMBER!E11-R5-S5 -> 47050000 | S5: 5390000 | T5: =sum(Q5:S5) -> 52440000 | V5: 25690000 | Y5: =sum(V5:X5) -> 25690000 | AA5: 3612500 | AD5: =sum(AA5:AC5) -> 3612500 | AF5: =+SEPTEMBER!H11-(AG5+AH5) -> 42450000 | AG5: 0 | AH5: 17750000 | AI5: =sum(AF5:AH5) -> 60200000 | AK5: =+SEPTEMBER!I11-(AL5+AM5) -> 113510000 | AM5: =5400000+4760000 -> 10160000 | AN5: =sum(AK5:AM5) -> 123670000 | AP5: 33860000 | AS5: =sum(AP5:AR5) -> 33860000 | AU5: =SUM(B5,G5,L5,Q5,V5,AA5,AF5,AK5,AP5) -> 327112500 | AV5: =SUM(C5,H5,M5,R5,W5,AB5,AG5,AL5,AQ5) -> 14100000 | AW5: =SUM(D5,I5,N5,S5,X5,AC5,AH5,AM5,AR5) -> 42200000 | AX5: =E5+J5+O5+T5+Y5+AD5+AI5+AN5+AS5 -> 383412500
A6: 46269 | B6: =SEPTEMBER!B12-C6-D6 -> 6800000 | D6: 132500000 | E6: =sum(B6:D6) -> 139300000 | J6: =sum(G6:I6) -> 0 | L6: 21925000 | M6: - | N6: 147000000 | O6: =sum(L6:N6) -> 168925000 | P6: - | Q6: =SEPTEMBER!E12-R6-S6 -> 43180000 | R6: 74500000 | S6: 109710000 | T6: =sum(Q6:S6) -> 227390000 | Y6: =sum(V6:X6) -> 0 | AA6: 37751250 | AD6: =sum(AA6:AC6) -> 37751250 | AF6: =+SEPTEMBER!H12-(AG6+AH6) -> -600000 | AG6: 42050000 | AH6: 50000000 | AI6: =sum(AF6:AH6) -> 91450000 | AK6: =+SEPTEMBER!I12-(AL6+AM6) -> 15100000 | AL6: 60000000 | AM6: 58000000 | AN6: =sum(AK6:AM6) -> 133100000 | AP6: 14200000 | AS6: =sum(AP6:AR6) -> 14200000 | AU6: =SUM(B6,G6,L6,Q6,V6,AA6,AF6,AK6,AP6) -> 138356250 | AV6: =SUM(C6,H6,M6,R6,W6,AB6,AG6,AL6,AQ6) -> 176550000 | AW6: =SUM(D6,I6,N6,S6,X6,AC6,AH6,AM6,AR6) -> 497210000 | AX6: =E6+J6+O6+T6+Y6+AD6+AI6+AN6+AS6 -> 812116250
A7: 46270 | B7: =SEPTEMBER!B13-C7-D7 -> 39110000 | D7: 53200000 | E7: =sum(B7:D7) -> 92310000 | J7: =sum(G7:I7) -> 0 | L7: 23015000 | M7: - | N7: 38510000 | O7: =sum(L7:N7) -> 61525000 | P7: - | Q7: =SEPTEMBER!E13-R7-S7 -> 98940000 | S7: 88800000 | T7: =sum(Q7:S7) -> 187740000 | V7: 16650000 | X7: 22900000 | Y7: =sum(V7:X7) -> 39550000 | AA7: 13612500 | AB7: 6930000 | AD7: =sum(AA7:AC7) -> 20542500 | AF7: =+SEPTEMBER!H13-(AG7+AH7) -> 157760000 | AG7: 0 | AH7: 0 | AI7: =sum(AF7:AH7) -> 157760000 | AK7: 8220000 | AM7: 45500000 | AN7: =sum(AK7:AM7) -> 53720000 | AO7: 0 | AP7: 49350000 | AQ7: 0 | AR7: 20150000 | AS7: =sum(AP7:AR7) -> 69500000 | AU7: =SUM(B7,G7,L7,Q7,V7,AA7,AF7,AK7,AP7) -> 406657500 | AV7: =SUM(C7,H7,M7,R7,W7,AB7,AG7,AL7,AQ7) -> 6930000 | AW7: =SUM(D7,I7,N7,S7,X7,AC7,AH7,AM7,AR7) -> 269060000 | AX7: =E7+J7+O7+T7+Y7+AD7+AI7+AN7+AS7 -> 682647500
A8: 46271 | B8: =SEPTEMBER!B14-C8-D8 -> 58640000 | D8: 99900000 | E8: =sum(B8:D8) -> 158540000 | J8: =sum(G8:I8) -> 0 | L8: 191835000 | M8: - | N8: - | O8: =sum(L8:N8) -> 191835000 | P8: - | Q8: =SEPTEMBER!E14-R8-S8 -> 91330000 | R8: 42400000 | S8: 126740000 | T8: =sum(Q8:S8) -> 260470000 | V8: =SEPTEMBER!F14-X8 -> 21600000 | X8: 31840000 | Y8: =sum(V8:X8) -> 53440000 | AA8: 9170000 | AD8: =sum(AA8:AC8) -> 9170000 | AF8: =+SEPTEMBER!H14-(AG8+AH8) -> 11960000 | AG8: 0 | AH8: 29000000 | AI8: =sum(AF8:AH8) -> 40960000 | AK8: =+SEPTEMBER!I14-(AL8+AM8) -> 36500000 | AM8: =14200000+14500000 -> 28700000 | AN8: =sum(AK8:AM8) -> 65200000 | AP8: 43670000 | AR8: 23550000 | AS8: =sum(AP8:AR8) -> 67220000 | AU8: =SUM(B8,G8,L8,Q8,V8,AA8,AF8,AK8,AP8) -> 464705000 | AV8: =SUM(C8,H8,M8,R8,W8,AB8,AG8,AL8,AQ8) -> 42400000 | AW8: =SUM(D8,I8,N8,S8,X8,AC8,AH8,AM8,AR8) -> 339730000 | AX8: =E8+J8+O8+T8+Y8+AD8+AI8+AN8+AS8 -> 846835000
A9: 46272 | B9: =SEPTEMBER!B15-C9-D9 -> 7850000 | D9: 6400000 | E9: =sum(B9:D9) -> 14250000 | J9: =sum(G9:I9) -> 0 | L9: 49375000 | M9: - | N9: 7600000 | O9: =sum(L9:N9) -> 56975000 | P9: - | Q9: =SEPTEMBER!E15-R9-S9 -> 37500000 | R9: 14500000 | S9: 7560000 | T9: =sum(Q9:S9) -> 59560000 | X9: 195190000 | Y9: =sum(V9:X9) -> 195190000 | AA9: 3378750 | AD9: =sum(AA9:AC9) -> 3378750 | AF9: =+SEPTEMBER!H15-(AG9+AH9) -> 30400000 | AG9: 0 | AH9: 10000000 | AI9: =sum(AF9:AH9) -> 40400000 | AK9: =+SEPTEMBER!I15-(AL9+AM9) -> 0 | AN9: =sum(AK9:AM9) -> 0 | AP9: 5800000 | AS9: =sum(AP9:AR9) -> 5800000 | AU9: =SUM(B9,G9,L9,Q9,V9,AA9,AF9,AK9,AP9) -> 134303750 | AV9: =SUM(C9,H9,M9,R9,W9,AB9,AG9,AL9,AQ9) -> 14500000 | AW9: =SUM(D9,I9,N9,S9,X9,AC9,AH9,AM9,AR9) -> 226750000 | AX9: =E9+J9+O9+T9+Y9+AD9+AI9+AN9+AS9 -> 375553750
A10: 46273 | B10: =SEPTEMBER!B16-C10-D10 -> 20640000 | D10: 25880000 | E10: =sum(B10:D10) -> 46520000 | F10: =4800000+13100000 -> 17900000 | J10: =sum(G10:I10) -> 0 | L10: 46090000 | M10: - | N10: - | O10: =sum(L10:N10) -> 46090000 | P10: - | Q10: =SEPTEMBER!E16-R10-S10 -> 22740000 | R10: 14500000 | S10: 13100000 | T10: =sum(Q10:S10) -> 50340000 | V10: 19865000 | Y10: =sum(V10:X10) -> 19865000 | AA10: 7500000 | AD10: =sum(AA10:AC10) -> 7500000 | AF10: =+SEPTEMBER!H16-(AG10+AH10) -> 23450000 | AG10: 0 | AH10: 10300000 | AI10: =sum(AF10:AH10) -> 33750000 | AK10: =+SEPTEMBER!I16-(AL10+AM10) -> 31320000 | AM10: 5110000 | AN10: =sum(AK10:AM10) -> 36430000 | AP10: 10300000 | AR10: 25200000 | AS10: =sum(AP10:AR10) -> 35500000 | AU10: =SUM(B10,G10,L10,Q10,V10,AA10,AF10,AK10,AP10) -> 181905000 | AV10: =SUM(C10,H10,M10,R10,W10,AB10,AG10,AL10,AQ10) -> 14500000 | AW10: =SUM(D10,I10,N10,S10,X10,AC10,AH10,AM10,AR10) -> 79590000 | AX10: =E10+J10+O10+T10+Y10+AD10+AI10+AN10+AS10 -> 275995000
A11: 46274 | B11: =SEPTEMBER!B17-C11-D11 -> 5200000 | D11: 34870000 | E11: =sum(B11:D11) -> 40070000 | J11: =sum(G11:I11) -> 0 | L11: - | M11: - | N11: - | O11: =sum(L11:N11) -> 0 | P11: - | Q11: =SEPTEMBER!E17-R11-S11 -> 26300000 | R11: 2700000 | S11: 18280000 | T11: =sum(Q11:S11) -> 47280000 | X11: 26930000 | Y11: =sum(V11:X11) -> 26930000 | AA11: 0 | AB11: 0 | AC11: 0 | AD11: =sum(AA11:AC11) -> 0 | AF11: =+SEPTEMBER!H17-(AG11+AH11) -> 12350000 | AG11: 0 | AH11: 40400000 | AI11: =sum(AF11:AH11) -> 52750000 | AK11: =+SEPTEMBER!I17-(AL11+AM11) -> 160790000 | AM11: =16500000+12200000 -> 28700000 | AN11: =sum(AK11:AM11) -> 189490000 | AP11: 8600000 | AQ11: 0 | AR11: 34800000 | AS11: =sum(AP11:AR11) -> 43400000 | AU11: =SUM(B11,G11,L11,Q11,V11,AA11,AF11,AK11,AP11) -> 213240000 | AV11: =SUM(C11,H11,M11,R11,W11,AB11,AG11,AL11,AQ11) -> 2700000 | AW11: =SUM(D11,I11,N11,S11,X11,AC11,AH11,AM11,AR11) -> 183980000 | AX11: =E11+J11+O11+T11+Y11+AD11+AI11+AN11+AS11 -> 399920000
A12: 46275 | B12: =SEPTEMBER!B18-C12-D12 -> 32265000 | D12: 19600000 | E12: =sum(B12:D12) -> 51865000 | J12: =sum(G12:I12) -> 0 | L12: 59680000 | M12: 9800000 | N12: 11340000 | O12: =sum(L12:N12) -> 80820000 | P12: - | Q12: =SEPTEMBER!E18-R12-S12 -> 42700000 | S12: 31950000 | T12: =sum(Q12:S12) -> 74650000 | V12: =SEPTEMBER!F18-X12 -> 23000000 | X12: 14850000 | Y12: =sum(V12:X12) -> 37850000 | AA12: 47162500 | AB12: 5400000 | AD12: 52562500 | AF12: =+SEPTEMBER!H18-(AG12+AH12) -> 10065000 | AG12: 9800000 | AH12: 41700000 | AI12: =sum(AF12:AH12) -> 61565000 | AK12: =+SEPTEMBER!I18-(AL12+AM12) -> 0 | AN12: =sum(AK12:AM12) -> 0 | AP12: 7900000 | AR12: 12200000 | AS12: =sum(AP12:AR12) -> 20100000 | AU12: =SUM(B12,G12,L12,Q12,V12,AA12,AF12,AK12,AP12) -> 222772500 | AV12: =SUM(C12,H12,M12,R12,W12,AB12,AG12,AL12,AQ12) -> 25000000 | AW12: =SUM(D12,I12,N12,S12,X12,AC12,AH12,AM12,AR12) -> 131640000 | AX12: =E12+J12+O12+T12+Y12+AD12+AI12+AN12+AS12 -> 379412500
A13: 46276 | B13: =SEPTEMBER!B19-C13-D13 -> 7600000 | D13: 28200000 | E13: =sum(B13:D13) -> 35800000 | J13: =sum(G13:I13) -> 0 | L13: 51000000 | M13: - | N13: - | O13: =sum(L13:N13) -> 51000000 | P13: - | Q13: =SEPTEMBER!E19-R13-S13 -> 24700000 | S13: 26690000 | T13: =sum(Q13:S13) -> 51390000 | V13: 16500000 | X13: 16500000 | Y13: =sum(V13:X13) -> 33000000 | AA13: 10950000 | AD13: =sum(AA13:AC13) -> 10950000 | AF13: =+SEPTEMBER!H19-(AG13+AH13) -> 14400000 | AG13: 0 | AH13: 0 | AI13: =sum(AF13:AH13) -> 14400000 | AK13: =+SEPTEMBER!I19-(AL13+AM13) -> 14200000 | AM13: 14900000 | AN13: =sum(AK13:AM13) -> 29100000 | AP13: 45000000 | AS13: =sum(AP13:AR13) -> 45000000 | AU13: =SUM(B13,G13,L13,Q13,V13,AA13,AF13,AK13,AP13) -> 184350000 | AV13: =SUM(C13,H13,M13,R13,W13,AB13,AG13,AL13,AQ13) -> 0 | AW13: =SUM(D13,I13,N13,S13,X13,AC13,AH13,AM13,AR13) -> 86290000 | AX13: =E13+J13+O13+T13+Y13+AD13+AI13+AN13+AS13 -> 270640000
A14: 46277 | B14: =SEPTEMBER!B20-C14-D14 -> 49960000 | D14: 45795000 | E14: =sum(B14:D14) -> 95755000 | J14: =sum(G14:I14) -> 0 | L14: 73410000 | M14: 15200000 | N14: 11500000 | O14: =sum(L14:N14) -> 100110000 | P14: - | Q14: =SEPTEMBER!E20-R14-S14 -> 43750000 | S14: 52950000 | T14: =sum(Q14:S14) -> 96700000 | V14: 47685000 | Y14: =sum(V14:X14) -> 47685000 | AA14: 25655000 | AD14: =sum(AA14:AC14) -> 25655000 | AF14: =+SEPTEMBER!H20-(AG14+AH14) -> 22080000 | AG14: 0 | AH14: 0 | AI14: =sum(AF14:AH14) -> 22080000 | AK14: =14200000+9600000 -> 23800000 | AM14: =14500000+14200000 -> 28700000 | AN14: =sum(AK14:AM14) -> 52500000 | AP14: 5800000 | AR14: 13050000 | AS14: =sum(AP14:AR14) -> 18850000 | AU14: =SUM(B14,G14,L14,Q14,V14,AA14,AF14,AK14,AP14) -> 292140000 | AV14: =SUM(C14,H14,M14,R14,W14,AB14,AG14,AL14,AQ14) -> 15200000 | AW14: =SUM(D14,I14,N14,S14,X14,AC14,AH14,AM14,AR14) -> 151995000 | AX14: =E14+J14+O14+T14+Y14+AD14+AI14+AN14+AS14 -> 459335000
A15: 46278 | B15: =SEPTEMBER!B21-C15-D15 -> 7250000 | D15: 35990000 | E15: =sum(B15:D15) -> 43240000 | J15: =sum(G15:I15) -> 0 | L15: 38300000 | M15: 11200000 | N15: 16500000 | O15: =sum(L15:N15) -> 66000000 | P15: - | Q15: =SEPTEMBER!E21-R15-S15 -> 52250000 | S15: 34600000 | T15: =sum(Q15:S15) -> 86850000 | V15: 35500000 | X15: 14200000 | Y15: =sum(V15:X15) -> 49700000 | AA15: - | AB15: - | AC15: - | AD15: =sum(AA15:AC15) -> 0 | AF15: =+SEPTEMBER!H21-(AG15+AH15) -> 49320000 | AG15: 0 | AH15: 24700000 | AI15: =sum(AF15:AH15) -> 74020000 | AK15: =48360000-AM15 -> 26460000 | AM15: =10300000+11600000 -> 21900000 | AN15: =sum(AK15:AM15) -> 48360000 | AP15: 0 | AQ15: 0 | AR15: 0 | AS15: =sum(AP15:AR15) -> 0 | AU15: =SUM(B15,G15,L15,Q15,V15,AA15,AF15,AK15,AP15) -> 209080000 | AV15: =SUM(C15,H15,M15,R15,W15,AB15,AG15,AL15,AQ15) -> 11200000 | AW15: =SUM(D15,I15,N15,S15,X15,AC15,AH15,AM15,AR15) -> 147890000 | AX15: =E15+J15+O15+T15+Y15+AD15+AI15+AN15+AS15 -> 368170000
A16: 46279 | B16: =SEPTEMBER!B22-C16-D16 -> 8610000 | D16: 7800000 | E16: =sum(B16:D16) -> 16410000 | J16: =sum(G16:I16) -> 0 | L16: - | M16: - | N16: 6400000 | O16: =sum(L16:N16) -> 6400000 | P16: - | Q16: =SEPTEMBER!E22-R16-S16 -> 18440000 | S16: 9800000 | T16: =sum(Q16:S16) -> 28240000 | V16: 50140000 | Y16: =sum(V16:X16) -> 50140000 | AA16: 18340000 | AB16: 5503750 | AD16: 23843750 | AF16: =+SEPTEMBER!H22-(AG16+AH16) -> 27200000 | AG16: 0 | AH16: 0 | AI16: =sum(AF16:AH16) -> 27200000 | AK16: =+SEPTEMBER!I22-(AL16+AM16) -> 0 | AM16: 5200000 | AN16: =sum(AK16:AM16) -> 5200000 | AP16: 0 | AR16: 0 | AS16: =sum(AP16:AR16) -> 0 | AU16: =SUM(B16,G16,L16,Q16,V16,AA16,AF16,AK16,AP16) -> 122730000 | AV16: =SUM(C16,H16,M16,R16,W16,AB16,AG16,AL16,AQ16) -> 5503750 | AW16: =SUM(D16,I16,N16,S16,X16,AC16,AH16,AM16,AR16) -> 29200000 | AX16: =E16+J16+O16+T16+Y16+AD16+AI16+AN16+AS16 -> 157433750
A17: 46280 | B17: =SEPTEMBER!B23-C17-D17 -> 30835000 | D17: 61050000 | E17: =sum(B17:D17) -> 91885000 | J17: =sum(G17:I17) -> 0 | L17: 33520000 | M17: - | N17: - | O17: =sum(L17:N17) -> 33520000 | P17: - | Q17: =SEPTEMBER!E23-R17-S17 -> 23650000 | S17: 13880000 | T17: =sum(Q17:S17) -> 37530000 | V17: 18040000 | Y17: =sum(V17:X17) -> 18040000 | AA17: 5880000 | AD17: =sum(AA17:AC17) -> 5880000 | AF17: =+SEPTEMBER!H23-(AG17+AH17) -> 7000000 | AG17: 6000000 | AH17: 16500000 | AI17: =sum(AF17:AH17) -> 29500000 | AK17: =+SEPTEMBER!I23-(AL17+AM17) -> 7920000 | AN17: =sum(AK17:AM17) -> 7920000 | AP17: 11300000 | AS17: =sum(AP17:AR17) -> 11300000 | AU17: =SUM(B17,G17,L17,Q17,V17,AA17,AF17,AK17,AP17) -> 138145000 | AV17: =SUM(C17,H17,M17,R17,W17,AB17,AG17,AL17,AQ17) -> 6000000 | AW17: =SUM(D17,I17,N17,S17,X17,AC17,AH17,AM17,AR17) -> 91430000 | AX17: =E17+J17+O17+T17+Y17+AD17+AI17+AN17+AS17 -> 235575000
A18: 46281 | B18: =SEPTEMBER!B24-C18-D18 -> 14670000 | D18: 49200000 | E18: =sum(B18:D18) -> 63870000 | J18: =sum(G18:I18) -> 0 | L18: 15400000 | M18: - | N18: 58550000 | O18: =sum(L18:N18) -> 73950000 | P18: - | Q18: =SEPTEMBER!E24-R18-S18 -> 38160000 | R18: 14500000 | S18: 46330000 | T18: =sum(Q18:S18) -> 98990000 | V18: 76065000 | Y18: =sum(V18:X18) -> 76065000 | AA18: 4380000 | AD18: =sum(AA18:AC18) -> 4380000 | AF18: =+SEPTEMBER!H24-(AG18+AH18) -> 0 | AG18: 0 | AH18: 36200000 | AI18: =sum(AF18:AH18) -> 36200000 | AK18: 8100000 | AM18: 14500000 | AN18: =sum(AK18:AM18) -> 22600000 | AR18: 2250000 | AS18: =sum(AP18:AR18) -> 2250000 | AU18: =SUM(B18,G18,L18,Q18,V18,AA18,AF18,AK18,AP18) -> 156775000 | AV18: =SUM(C18,H18,M18,R18,W18,AB18,AG18,AL18,AQ18) -> 14500000 | AW18: =SUM(D18,I18,N18,S18,X18,AC18,AH18,AM18,AR18) -> 207030000 | AX18: =E18+J18+O18+T18+Y18+AD18+AI18+AN18+AS18 -> 378305000
A19: 46282 | B19: =SEPTEMBER!B25-C19-D19 -> 27540000 | D19: 16405000 | E19: =sum(B19:D19) -> 43945000 | J19: =sum(G19:I19) -> 0 | L19: 50350000 | M19: - | N19: 54800000 | O19: =sum(L19:N19) -> 105150000 | P19: - | Q19: =SEPTEMBER!E25-R19-S19 -> 4050000 | S19: 60000000 | T19: =sum(Q19:S19) -> 64050000 | V19: 21400000 | X19: 16350000 | Y19: =sum(V19:X19) -> 37750000 | AA19: - | AB19: - | AC19: - | AD19: =sum(AA19:AC19) -> 0 | AF19: =+SEPTEMBER!H25-(AG19+AH19) -> 14100000 | AG19: 17910000 | AH19: 28500000 | AI19: =sum(AF19:AH19) -> 60510000 | AK19: =+SEPTEMBER!I25-(AL19+AM19) -> 16500000 | AN19: =sum(AK19:AM19) -> 16500000 | AR19: 5800000 | AS19: =sum(AP19:AR19) -> 5800000 | AU19: =SUM(B19,G19,L19,Q19,V19,AA19,AF19,AK19,AP19) -> 133940000 | AV19: =SUM(C19,H19,M19,R19,W19,AB19,AG19,AL19,AQ19) -> 17910000 | AW19: =SUM(D19,I19,N19,S19,X19,AC19,AH19,AM19,AR19) -> 181855000 | AX19: =E19+J19+O19+T19+Y19+AD19+AI19+AN19+AS19 -> 333705000
A20: 46283 | B20: 14210000 | D20: 32070000 | E20: =sum(B20:D20) -> 46280000 | J20: =sum(G20:I20) -> 0 | L20: 29500000 | M20: - | N20: 5565000 | O20: =sum(L20:N20) -> 35065000 | P20: - | Q20: =SEPTEMBER!E26-R20-S20 -> 38430000 | R20: 14500000 | S20: 36750000 | T20: =sum(Q20:S20) -> 89680000 | V20: =SEPTEMBER!F26-X20 -> 16250000 | X20: 20100000 | Y20: =sum(V20:X20) -> 36350000 | AA20: 2847500 | AB20: 3780000 | AD20: =sum(AA20:AC20) -> 6627500 | AF20: =+SEPTEMBER!H26-(AG20+AH20) -> 0 | AG20: 42100000 | AH20: 0 | AI20: =sum(AF20:AH20) -> 42100000 | AK20: =+SEPTEMBER!I26-(AL20+AM20) -> 27900000 | AM20: =8100000+5800000+14500000 -> 28400000 | AN20: =sum(AK20:AM20) -> 56300000 | AP20: 33750000 | AQ20: 0 | AR20: 16500000 | AS20: =sum(AP20:AR20) -> 50250000 | AU20: =SUM(B20,G20,L20,Q20,V20,AA20,AF20,AK20,AP20) -> 162887500 | AV20: =SUM(C20,H20,M20,R20,W20,AB20,AG20,AL20,AQ20) -> 60380000 | AW20: =SUM(D20,I20,N20,S20,X20,AC20,AH20,AM20,AR20) -> 139385000 | AX20: =E20+J20+O20+T20+Y20+AD20+AI20+AN20+AS20 -> 362652500
A21: 46284 | B21: 21100000 | D21: 42050000 | E21: =sum(B21:D21) -> 63150000 | J21: =sum(G21:I21) -> 0 | L21: 107240000 | M21: - | N21: 29690000 | O21: =sum(L21:N21) -> 136930000 | P21: - | Q21: =SEPTEMBER!E27-R21-S21 -> 20900000 | T21: =sum(Q21:S21) -> 20900000 | V21: 23440000 | X21: 169100000 | Y21: =sum(V21:X21) -> 192540000 | AA21: 2847500 | AB21: 2592500 | AD21: =sum(AA21:AC21) -> 5440000 | AF21: =+SEPTEMBER!H27-(AG21+AH21) -> 28080000 | AG21: 0 | AH21: 36500000 | AI21: =sum(AF21:AH21) -> 64580000 | AK21: =58765000-AM21 -> 48865000 | AM21: 9900000 | AN21: =sum(AK21:AM21) -> 58765000 | AP21: 23800000 | AS21: =sum(AP21:AR21) -> 23800000 | AU21: =SUM(B21,G21,L21,Q21,V21,AA21,AF21,AK21,AP21) -> 276272500 | AV21: =SUM(C21,H21,M21,R21,W21,AB21,AG21,AL21,AQ21) -> 2592500 | AW21: =SUM(D21,I21,N21,S21,X21,AC21,AH21,AM21,AR21) -> 287240000 | AX21: =E21+J21+O21+T21+Y21+AD21+AI21+AN21+AS21 -> 566105000
A22: 46285 | B22: 44845000 | D22: 20900000 | E22: =sum(B22:D22) -> 65745000 | J22: =sum(G22:I22) -> 0 | L22: 61700500 | M22: - | N22: 33207000 | O22: =sum(L22:N22) -> 94907500 | P22: - | Q22: =SEPTEMBER!E28-R22-S22 -> 51940000 | S22: 53150000 | T22: =sum(Q22:S22) -> 105090000 | V22: 57500000 | X22: 36800000 | Y22: =sum(V22:X22) -> 94300000 | AA22: 15406250 | AD22: =sum(AA22:AC22) -> 15406250 | AF22: =+SEPTEMBER!H28-(AG22+AH22) -> 17300000 | AG22: 16500000 | AH22: 29700000 | AI22: =sum(AF22:AH22) -> 63500000 | AK22: =46790000-AM22 -> 20680000 | AM22: =14500000+11610000 -> 26110000 | AN22: =sum(AK22:AM22) -> 46790000 | AP22: 40700000 | AS22: =sum(AP22:AR22) -> 40700000 | AU22: =SUM(B22,G22,L22,Q22,V22,AA22,AF22,AK22,AP22) -> 310071750 | AV22: =SUM(C22,H22,M22,R22,W22,AB22,AG22,AL22,AQ22) -> 16500000 | AW22: =SUM(D22,I22,N22,S22,X22,AC22,AH22,AM22,AR22) -> 199867000 | AX22: =E22+J22+O22+T22+Y22+AD22+AI22+AN22+AS22 -> 526438750
A23: 46286 | B23: =SEPTEMBER!B29-C23-D23 -> 32850000 | D23: 30420000 | E23: =sum(B23:D23) -> 63270000 | J23: =sum(G23:I23) -> 0 | L23: 17400000 | M23: - | N23: 91120000 | O23: =sum(L23:N23) -> 108520000 | P23: - | Q23: =SEPTEMBER!E29-R23-S23 -> 44750000 | S23: 11600000 | T23: =sum(Q23:S23) -> 56350000 | V23: =SEPTEMBER!F29-X23 -> 50710000 | X23: 26800000 | Y23: =sum(V23:X23) -> 77510000 | AA23: 3166250 | AD23: =sum(AA23:AC23) -> 3166250 | AF23: =+SEPTEMBER!H29-(AG23+AH23) -> 42810000 | AG23: 0 | AH23: =+10300000+14500000 -> 24800000 | AI23: =sum(AF23:AH23) -> 67610000 | AK23: 11360000 | AN23: =sum(AK23:AM23) -> 11360000 | AP23: 20850000 | AS23: =sum(AP23:AR23) -> 20850000 | AU23: =SUM(B23,G23,L23,Q23,V23,AA23,AF23,AK23,AP23) -> 223896250 | AV23: =SUM(C23,H23,M23,R23,W23,AB23,AG23,AL23,AQ23) -> 0 | AW23: =SUM(D23,I23,N23,S23,X23,AC23,AH23,AM23,AR23) -> 184740000 | AX23: =E23+J23+O23+T23+Y23+AD23+AI23+AN23+AS23 -> 408636250
A24: 46287 | B24: =SEPTEMBER!B30-C24-D24 -> 17070000 | D24: 68500000 | E24: =sum(B24:D24) -> 85570000 | J24: =sum(G24:I24) -> 0 | L24: 30700000 | M24: - | N24: 13410000 | O24: =sum(L24:N24) -> 44110000 | P24: - | Q24: =SEPTEMBER!E30-R24-S24 -> 49650000 | R24: 6450000 | S24: 37000000 | T24: =sum(Q24:S24) -> 93100000 | V24: 31250000 | Y24: =sum(V24:X24) -> 31250000 | AB24: 2443750 | AD24: =sum(AA24:AC24) -> 2443750 | AF24: =+SEPTEMBER!H30-(AG24+AH24) -> 5800000 | AG24: 0 | AH24: 22500000 | AI24: =sum(AF24:AH24) -> 28300000 | AK24: =+SEPTEMBER!I30-(AL24+AM24) -> 11600000 | AN24: =sum(AK24:AM24) -> 11600000 | AP24: 64965000 | AQ24: 0 | AR24: 17320000 | AS24: =sum(AP24:AR24) -> 82285000 | AU24: =SUM(B24,G24,L24,Q24,V24,AA24,AF24,AK24,AP24) -> 211035000 | AV24: =SUM(C24,H24,M24,R24,W24,AB24,AG24,AL24,AQ24) -> 8893750 | AW24: =SUM(D24,I24,N24,S24,X24,AC24,AH24,AM24,AR24) -> 158730000 | AX24: =E24+J24+O24+T24+Y24+AD24+AI24+AN24+AS24 -> 378658750
A25: 46288 | B25: =SEPTEMBER!B31-C25-D25 -> 0 | D25: 27950000 | E25: =sum(B25:D25) -> 27950000 | J25: =sum(G25:I25) -> 0 | L25: 19400000 | M25: - | N25: 14500000 | O25: =sum(L25:N25) -> 33900000 | P25: - | Q25: =SEPTEMBER!E31-R25-S25 -> 4830000 | S25: 30300000 | T25: =sum(Q25:S25) -> 35130000 | V25: =SEPTEMBER!F31-X25 -> 23310000 | X25: 19260000 | Y25: =sum(V25:X25) -> 42570000 | AB25: 3808000 | AD25: =sum(AA25:AC25) -> 3808000 | AF25: =+SEPTEMBER!H31-(AG25+AH25) -> 44160000 | AG25: 0 | AH25: 0 | AI25: =sum(AF25:AH25) -> 44160000 | AK25: =+SEPTEMBER!I31-(AL25+AM25) -> 0 | AM25: 7000000 | AN25: =sum(AK25:AM25) -> 7000000 | AP25: 15100000 | AS25: =sum(AP25:AR25) -> 15100000 | AU25: =SUM(B25,G25,L26,Q25,V25,AA25,AF25,AK25,AP25) -> 123460000 | AV25: =SUM(C25,H25,M26,R25,W25,AB25,AG25,AL25,AQ25) -> 3808000 | AW25: =SUM(D25,I25,N26,S25,X25,AC25,AH25,AM25,AR25) -> 95470000 | AX25: =E25+J25+O26+T25+Y25+AD25+AI25+AN25+AS25 -> 222738000
A26: 46289 | J26: =sum(G26:I26) -> 0 | L26: 36060000 | M26: - | N26: 10960000 | O26: =sum(L26:N26) -> 47020000 | P26: - | Q26: =SEPTEMBER!E32-R26-S26 -> 18510000 | S26: 14330000 | T26: =sum(Q26:S26) -> 32840000 | V26: 13400000 | X26: 33140000 | Y26: =sum(V26:X26) -> 46540000 | AC26: 11760000 | AD26: =sum(AA26:AC26) -> 11760000 | AF26: =+SEPTEMBER!H32-(AG26+AH26) -> 31000000 | AG26: 0 | AH26: 9900000 | AI26: =sum(AF26:AH26) -> 40900000 | AK26: =+SEPTEMBER!I32-(AL26+AM26) -> 10350000 | AM26: 11300000 | AN26: =sum(AK26:AM26) -> 21650000 | AP26: 10300000 | AR26: 69410000 | AS26: =sum(AP26:AR26) -> 79710000 | AU26: =SUM(B26,G26,#REF!,Q26,V26,AA26,AF26,AK26,AP26) -> #REF! | AV26: =SUM(C26,H26,#REF!,R26,W26,AB26,AG26,AL26,AQ26) -> #REF! | AW26: =SUM(D26,I26,#REF!,S26,X26,AC26,AH26,AM26,AR26) -> #REF! | AX26: =E26+J26+#REF!+T26+Y26+AD26+AI26+AN26+AS26 -> #REF!
A27: 46290 | B27: =SEPTEMBER!B33-C27-D27 -> 47460000 | D27: 30300000 | E27: =sum(B27:D27) -> 77760000 | J27: =sum(G27:I27) -> 0 | L27: 12200000 | M27: - | N27: 20840000 | O27: =sum(L27:N27) -> 33040000 | P27: - | Q27: =SEPTEMBER!E33-R27-S27 -> 22300000 | S27: 41970000 | T27: =sum(Q27:S27) -> 64270000 | V27: =SEPTEMBER!F33-X27 -> 18140000 | X27: 28510000 | Y27: =sum(V27:X27) -> 46650000 | AB27: 19481250 | AC27: 2677500 | AD27: =sum(AA27:AC27) -> 22158750 | AF27: =+SEPTEMBER!H33-(AG27+AH27) -> 0 | AG27: 0 | AH27: 21610000 | AI27: =sum(AF27:AH27) -> 21610000 | AK27: =+SEPTEMBER!I33-(AL27+AM27) -> 10300000 | AN27: =sum(AK27:AM27) -> 10300000 | AR27: 17860000 | AS27: =sum(AP27:AR27) -> 17860000 | AU27: =SUM(B27,G27,L28,Q27,V27,AA27,AF27,AK27,AP27) -> 137760000 | AV27: =SUM(C27,H27,M28,R27,W27,AB27,AG27,AL27,AQ27) -> 24341250 | AW27: =SUM(D27,I27,N28,S27,X27,AC27,AH27,AM27,AR27) -> 169427500 | AX27: =E27+J27+O28+T27+Y27+AD27+AI27+AN27+AS27 -> 331528750
A28: 46291 | B28: =SEPTEMBER!B34-C28-D28 -> 34240000 | D28: 58630000 | E28: =sum(B28:D28) -> 92870000 | J28: =sum(G28:I28) -> 0 | L28: 39560000 | M28: 4860000 | N28: 26500000 | O28: =sum(L28:N28) -> 70920000 | P28: - | Q28: =SEPTEMBER!E34-R28-S28 -> 79950000 | S28: 65155000 | T28: =sum(Q28:S28) -> 145105000 | V28: =SEPTEMBER!F34-X28 -> 72800000 | X28: 52170000 | Y28: =sum(V28:X28) -> 124970000 | AA28: 40835000 | AD28: =sum(AA28:AC28) -> 40835000 | AF28: =+SEPTEMBER!H34-(AG28+AH28) -> 102900000 | AG28: 0 | AH28: 0 | AI28: =sum(AF28:AH28) -> 102900000 | AK28: =+SEPTEMBER!I34-(AL28+AM28) -> 18465000 | AN28: =sum(AK28:AM28) -> 18465000 | AP28: 14500000 | AQ28: 0 | AR28: 43430000 | AS28: =sum(AP28:AR28) -> 57930000 | AU28: =SUM(B28,G28,L29,Q28,V28,AA28,AF28,AK28,AP28) -> 400990000 | AV28: =SUM(C28,H28,M29,R28,W28,AB28,AG28,AL28,AQ28) -> 0 | AW28: =SUM(D28,I28,N29,S28,X28,AC28,AH28,AM28,AR28) -> 277765000 | AX28: =E28+J28+O29+T28+Y28+AD28+AI28+AN28+AS28 -> 678755000
A29: 46292 | B29: =SEPTEMBER!B35-C29-D29 -> 37430000 | D29: 71130000 | E29: =sum(B29:D29) -> 108560000 | J29: =sum(G29:I29) -> 0 | L29: 37300000 | N29: 58380000 | O29: =sum(L29:N29) -> 95680000 | Q29: =SEPTEMBER!E35-R29-S29 -> 70900000 | S29: 70530000 | T29: =sum(Q29:S29) -> 141430000 | V29: 13010000 | W29: 13100000 | X29: =63340000-W29 -> 50240000 | Y29: =sum(V29:X29) -> 76350000 | AA29: 48695000 | AC29: 4930000 | AD29: 53625000 | AF29: =+SEPTEMBER!H35-(AG29+AH29) -> 42475000 | AG29: 0 | AH29: 0 | AI29: =sum(AF29:AH29) -> 42475000 | AK29: =+SEPTEMBER!I35-(AL29+AM29) -> 39000000 | AN29: =sum(AK29:AM29) -> 39000000 | AP29: 13600000 | AS29: =sum(AP29:AR29) -> 13600000 | AU29: =SUM(B29,G29,L29,Q29,V29,AA29,AF29,AK29,AP29) -> 302410000 | AV29: =SUM(C29,H29,M29,R29,W29,AB29,AG29,AL29,AQ29) -> 13100000 | AW29: =SUM(D29,I29,N29,S29,X29,AC29,AH29,AM29,AR29) -> 255210000 | AX29: =E29+J29+O29+T29+Y29+AD29+AI29+AN29+AS29 -> 570720000
A30: 46293 | B30: 21300000 | D30: 15340000 | E30: =sum(B30:D30) -> 36640000 | J30: =sum(G30:I30) -> 0 | L30: 17000000 | O30: =sum(L30:N30) -> 17000000 | Q30: =SEPTEMBER!E36-R30-S30 -> 18100000 | S30: 3600000 | T30: =sum(Q30:S30) -> 21700000 | V30: 39800000 | X30: 13900000 | Y30: =sum(V30:X30) -> 53700000 | AA30: 9698500 | AD30: =sum(AA30:AC30) -> 9698500 | AF30: =+SEPTEMBER!H36-(AG30+AH30) -> 0 | AG30: 0 | AH30: 43100000 | AI30: =sum(AF30:AH30) -> 43100000 | AK30: =+SEPTEMBER!I36-(AL30+AM30) -> 0 | AN30: =sum(AK30:AM30) -> 0 | AP30: 0 | AQ30: 0 | AR30: 0 | AS30: =sum(AP30:AR30) -> 0 | AU30: =SUM(B30,G30,L30,Q30,V30,AA30,AF30,AK30,AP30) -> 105898500 | AV30: =SUM(C30,H30,M30,R30,W30,AB30,AG30,AL30,AQ30) -> 0 | AW30: =SUM(D30,I30,N30,S30,X30,AC30,AH30,AM30,AR30) -> 75940000 | AX30: =E30+J30+O30+T30+Y30+AD30+AI30+AN30+AS30 -> 181838500
A31: 46294 | B31: =SEPTEMBER!B37-C31-D31 -> 48840000 | D31: 5800000 | E31: =sum(B31:D31) -> 54640000 | J31: =sum(G31:I31) -> 0 | L31: 8600000 | N31: 30000000 | O31: =sum(L31:N31) -> 38600000 | Q31: =SEPTEMBER!E37-R31-S31 -> 33660000 | R31: 5040000 | S31: 31390000 | T31: =sum(Q31:S31) -> 70090000 | V31: 7100000 | W31: 16500000 | X31: 17023500 | Y31: =sum(V31:X31) -> 40623500 | AA31: 21193000 | AB31: 8415000 | AD31: =sum(AA31:AC31) -> 29608000 | AF31: =+SEPTEMBER!H37-(AG31+AH31) -> 43700000 | AG31: 0 | AH31: 31400000 | AI31: =sum(AF31:AH31) -> 75100000 | AK31: =+SEPTEMBER!I37-(AL31+AM31) -> 14850000 | AN31: =sum(AK31:AM31) -> 14850000 | AR31: 24200000 | AS31: =sum(AP31:AR31) -> 24200000 | AU31: =SUM(B31,G31,L31,Q31,V31,AA31,AF31,AK31,AP31) -> 177943000 | AV31: =SUM(C31,H31,M31,R31,W31,AB31,AG31,AL31,AQ31) -> 29955000 | AW31: =SUM(D31,I31,N31,S31,X31,AC31,AH31,AM31,AR31) -> 139813500 | AX31: =E31+J31+O31+T31+Y31+AD31+AI31+AN31+AS31 -> 347711500
A32: 46295 | B32: =SEPTEMBER!B38-C32-D32 -> 20850000 | D32: 5800000 | E32: =sum(B32:D32) -> 26650000 | J32: =sum(G32:I32) -> 0 | L32: 29750000 | N32: 13280000 | O32: =sum(L32:N32) -> 43030000 | Q32: =SEPTEMBER!E38-R32-S32 -> 21940000 | R32: 14500000 | T32: =sum(Q32:S32) -> 36440000 | V32: 17050000 | X32: 45260000 | Y32: =sum(V32:X32) -> 62310000 | AD32: =sum(AA32:AC32) -> 0 | AF32: =+SEPTEMBER!H38-(AG32+AH32) -> 3150000 | AG32: 0 | AH32: 0 | AI32: =sum(AF32:AH32) -> 3150000 | AK32: =+SEPTEMBER!I38-(AL32+AM32) -> 0 | AN32: =sum(AK32:AM32) -> 0 | AP32: 51450000 | AR32: 6160000 | AS32: =sum(AP32:AR32) -> 57610000 | AU32: =SUM(B32,G32,L32,Q32,V32,AA32,AF32,AK32,AP32) -> 144190000 | AV32: =SUM(C32,H32,M32,R32,W32,AB32,AG32,AL32,AQ32) -> 14500000 | AW32: =SUM(D32,I32,N32,S32,X32,AC32,AH32,AM32,AR32) -> 70500000 | AX32: =E32+J32+O32+T32+Y32+AD32+AI32+AN32+AS32 -> 229190000
A33: Total Month | B33: =SUM(B3:B32) -> 798230000 | C33: =SUM(C3:C32) -> 0 | D33: =SUM(D3:D32) -> 1072580000 | E33: =SUM(E3:E32) -> 1870810000 | F33: =SUM(F3:F32) -> 17900000 | G33: =SUM(G3:G32) -> 0 | H33: =SUM(H3:H32) -> 0 | I33: =SUM(I3:I32) -> 0 | ... AY33: =SUM(AY3:AY32) -> 0
A34: Sales Mix | B34: =B33/E33 -> 0.42667615 | C34: =C33/E33 -> 0 | D34: =D33/E33 -> 0.57332385 | F34: =F33/E33 -> 0.0095680481 | G34: =G33/J33 -> #DIV/0! | H34: =H33/J33 -> #DIV/0! | I34: =I33/J33 -> #DIV/0! | K34: =K33/J33 -> #DIV/0! | L34: =L33/O33 -> 0.61681673 | M34: =M33/O33 -> 0.026871696 | N34: =N33/O33 -> 0.35631157 | O34: =L34+M34+N34+P34 -> 1 | P34: =P33/O33 -> 0 | Q34: =Q33/T33 -> 0.47476578 | R34: =R33/T33 -> 0.083019176 | S34: =S33/T33 -> 0.44221504 | U34: =U33/T33 -> 0 | V34: =V33/Y33 -> 0.47045427 | W34: =W33/Y33 -> 0.017271122 | X34: =X33/Y33 -> 0.5122746 | Z34: =Z33/Y33 -> 0 | AA34: =AA33/AD33 -> 0.81877096 | AB34: =AB33/AD33 -> 0.13606854 | AC34: =AC33/AD33 -> 0.045160504 | AE34: =AE33/AD33 -> 0 | AF34: =AF33/AI33 -> 0.55145283 | AG34: =AG33/AI33 -> 0.090664939 | AH34: =AH33/AI33 -> 0.35788224 | AJ34: =AJ33/AI33 -> 0 | AK34: =AK33/AN33 -> 0.61870234 | AL34: =AL33/AN33 -> 0.054931473 | AM34: =AM33/AN33 -> 0.32636619 | AO34: =AO33/AN33 -> 0 | AP34: =AP33/AS33 -> 0.62981099 | AQ34: =AQ33/AS33 -> 0 | AR34: =AR33/AS33 -> 0.37018901 | AT34: =AT33/AS33 -> 0 | AU34: =AU33/AX33 -> #REF! | AV34: =AV33/AX33 -> #REF! | AW34: =AW33/AX33 -> #REF! | AY34: =AY33/AX33 -> #REF!
AU35: =sum(AU20:AU26) -> #REF! | AV35: =sum(AV20:AV26) -> #REF! | AW35: =sum(AW20:AW26) -> #REF! | AX35: =sum(AX20:AX26) -> #REF!
B37: =sum(B3:B8) -> 245615000 | C37: =sum(C3:C8) -> 0 | D37: =sum(D3:D8) -> 332500000 | E37: =sum(E3:E32) -> 1870810000 | G37: =sum(G3:G8) -> 0 | H37: =sum(H3:H8) -> 0 | I37: =sum(I3:I8) -> 0 | J37: =sum(J3:J8) -> 0 | L37: =sum(L3:L8) -> 402615000 | M37: =sum(M3:M8) -> 14100000 | N37: =sum(N3:N8) -> 217265000 | O37: =sum(O3:O8) -> 633980000 | Q37: =sum(Q3:Q8) -> 354180000 | R37: =sum(R3:R8) -> 116900000 | S37: =sum(S3:S8) -> 373540000 | T37: =sum(T3:T8) -> 844620000 | V37: =sum(V3:V8) -> 114330000 | W37: =sum(W3:W8) -> 0 | X37: =sum(X3:X8) -> 81635000 | Y37: =sum(Y3:Y8) -> 195965000 | AA37: =sum(AA3:AA8) -> 83202250 | AB37: =sum(AB3:AB8) -> 6930000 | AC37: =sum(AC3:AC8) -> 0 | AD37: =sum(AD3:AD8) -> 90132250 | AF37: =sum(AF3:AF8) -> 245480000 | AG37: =sum(AG3:AG8) -> 42050000 | AH37: =sum(AH3:AH8) -> 102550000 | AI37: =sum(AI3:AI8) -> 390080000 | AK37: =sum(AK3:AK8) -> 173330000 | AL37: =sum(AL3:AL8) -> 60000000 | AM37: =sum(AM3:AM8) -> 154760000 | AN37: =sum(AN3:AN8) -> 388090000 | AP37: =sum(AP3:AP8) -> 180920000 | AQ37: =sum(AQ3:AQ8) -> 0 | AR37: =sum(AR3:AR8) -> 43700000 | AS37: =sum(AS3:AS8) -> 224620000 | AU37: =sum(AU21:AU27) -> #REF! | AV37: =sum(AV21:AV27) -> #REF! | AW37: =sum(AW21:AW27) -> #REF! | AX37: =sum(AX21:AX27) -> #REF!
B38: =B37/E37 -> 0.13128805 | C38: =C37/E37 -> 0 | D38: =D37/E37 -> 0.1777305 | G38: =G37/J37 -> #DIV/0! | H38: =H37/J37 -> #DIV/0! | I38: =I37/J37 -> #DIV/0! | L38: =L37/O37 -> 0.63505947 | M38: =M37/O37 -> 0.022240449 | N38: =N37/O37 -> 0.34270009 | Q38: =Q37/T37 -> 0.41933651 | R38: =R37/T37 -> 0.13840544 | S38: =S37/T37 -> 0.44225806 | V38: =V37/Y37 -> 0.58342051 | W38: =W37/Y37 -> 0 | X38: =X37/Y37 -> 0.41657949 | AA38: =AA37/AD37 -> 0.92311298 | AB38: =AB37/AD37 -> 0.076887019 | AC38: =AC37/AD37 -> 0 | AF38: =AF37/AI37 -> 0.62930681 | AG38: =AG37/AI37 -> 0.1077984 | AH38: =AH37/AI37 -> 0.26289479 | AK38: =AK37/AN37 -> 0.44662321 | AL38: =AL37/AN37 -> 0.15460331 | AM38: =AM37/AN37 -> 0.39877348 | AP38: =AP37/AS37 -> 0.8054492 | AQ38: =AQ37/AS37 -> 0 | AR38: =AR37/AS37 -> 0.1945508 | AU38: =AU37/AX37 -> #REF! | AV38: =AV37/AX37 -> #REF! | AW38: =AW37/AX37 -> #REF! | AX38: =sum(AX10:AX16) -> 2310906250 | AY38: =sum(AY10:AY16) -> 0
AU39: =AU38/AX38 -> #REF! | AV39: =AV38/AX38 -> #REF! | AW39: =AW38/AX38 -> #REF!

Sheet AUGUST
B1: Total Hari | C1: 31 | G1: Copy for Closing Sales ( hanya yang di dalam kotak)
B2: Tanggal | C2: 31 | D2: ( isi dengan tanggal pengisian terakhir) | G2: =TODAY() -> 46308
G3: Total Daily Sales: | H3: =M39 -> 198233750
G4: Total MTD: | H4: =+M40 -> 12943887750 | I4: =N40 -> 1.1366252
G5: Ekspol: | H5: =M41 -> 12943887750 | I5: =M42 -> 1.1366252
G6: TL: | H6: =N40 -> 1.1366252 | I6: =100%/$C$1*C2 -> 1
B7: Sales tolong di isi oleh masing2 toko
A8: Date | B8: PI | C8: PP | D8: PS | E8: SC | F8: TP | G8: VK | H8: PIM | I8: KOKAS | J8: Icon Bali | K8: TBOS | M8: Total TB | N8: Achievement | P8: 51950000
A9: 46235 | B9: 181529500 | D9: 77670000 | E9: 152045000 | F9: 146025000 | G9: 18915000 | H9: 103075000 | I9: 15500000 | J9: 7365000 | K9: 0 | M9: =SUM(B9:L9) -> 702124500
A10: 46236 | B10: 82750000 | D10: 69260000 | E10: 76000000 | F10: 52248000 | G10: 33072500 | H10: 45070000 | I10: 16500000 | J10: 42850000 | K10: 0 | M10: =SUM(B10:L10) -> 417750500
A11: 46237 | B11: 233815000 | D11: 192000000 | E11: 185380000 | F11: 32800000 | G11: 0 | H11: 180835000 | I11: 103560000 | J11: 47715000 | K11: 0 | M11: =SUM(B11:L11) -> 976105000
A12: 46238 | B12: 20500000 | D12: 70950000 | E12: 98350000 | F12: 20200000 | G12: 3463750 | H12: 41150000 | I12: 47900000 | J12: 0 | K12: 0 | M12: =SUM(B12:L12) -> 302513750
A13: 46239 | B13: 99050000 | D13: 54470000 | E13: 33800000 | F13: 116000000 | G13: 3927500 | H13: 0 | I13: 78300000 | J13: 23500000 | K13: 5300000 | M13: =SUM(B13:L13) -> 414347500
A14: 46240 | B14: 0 | D14: 105425000 | E14: 44950000 | F14: 98450000 | G14: 8907500 | H14: 27000000 | I14: 12560000 | J14: 54900000 | K14: 5400000 | M14: =SUM(B14:L14) -> 357592500
A15: 46241 | B15: 30450000 | D15: 36820000 | E15: 60330000 | F15: 87750000 | G15: 10200000 | H15: 28100000 | I15: 35050000 | J15: 63240000 | K15: 14500000 | M15: =SUM(B15:L15) -> 366440000
A16: 46242 | B16: 149380000 | D16: 222995000 | E16: 125040000 | F16: 40155000 | G16: 14721250 | H16: 3300000 | I16: 89700000 | J16: 55260000 | K16: 0 | M16: =SUM(B16:L16) -> 700551250
A17: 46243 | B17: 78060000 | D17: 38000000 | E17: 120900000 | F17: 67700000 | G17: 8706250 | H17: 60450000 | I17: 52400000 | J17: 36750000 | K17: 0 | M17: =SUM(B17:K17) -> 462966250
A18: 46244 | B18: 64100000 | D18: 19800000 | E18: 91510000 | F18: 29200000 | G18: 0 | H18: 0 | I18: 30400000 | J18: 55420000 | K18: 11300000 | M18: =SUM(B18:K18) -> 301730000
A19: 46245 | B19: 60715000 | D19: 29100000 | E19: 26300000 | F19: 7300000 | G19: 2975000 | H19: 16350000 | I19: 6300000 | J19: 33150000 | K19: 0 | M19: =SUM(B19:K19) -> 182190000
A20: 46246 | B20: 79220000 | D20: 43350000 | E20: 18520000 | F20: 18100000 | G20: 0 | H20: 29700000 | I20: 62700000 | J20: 7350000 | K20: 0 | M20: =SUM(B20:K20) -> 258940000
A21: 46247 | B21: 41250000 | D21: 16500000 | E21: 24830000 | F21: 31650000 | G21: 17878750 | H21: 6400000 | I21: 24220000 | J21: 9800000 | K21: 12170000 | M21: =SUM(B21:K21) -> 184698750
A22: 46248 | B22: 25900000 | D22: 68705000 | E22: 49500000 | F22: 76150000 | G22: 11674750 | H22: 0 | I22: 41350000 | J22: 64580000 | K22: 0 | M22: =SUM(B22:K22) -> 337859750
A23: 46249 | B23: 59300000 | D23: 59950000 | E23: 77040000 | F23: 94450000 | G23: 39852500 | H23: 14400000 | I23: 30015000 | J23: 153850000 | K23: 0 | M23: =SUM(B23:K23) -> 528857500
A24: 46250 | B24: 121850000 | D24: 80950000 | E24: 110290000 | F24: 79250000 | G24: 42525750 | H24: 73450000 | I24: 18615000 | J24: 38650000 | K24: 0 | M24: =SUM(B24:K24) -> 565580750
A25: 46251 | B25: 33400000 | D25: 47480000 | E25: 46450000 | F25: 59450000 | G25: 54891750 | H25: 77200000 | I25: 28600000 | J25: 22850000 | K25: 0 | M25: =SUM(B25:K25) -> 370321750
A26: 46252 | B26: 0 | D26: 39500000 | E26: 59650000 | F26: 17100000 | G26: 4522000 | H26: 0 | I26: 24050000 | J26: 13900000 | K26: 77281000 | M26: =SUM(B26:K26) -> 236003000
A27: 46253 | B27: 108300000 | D27: 117500000 | E27: 144100000 | F27: 37000000 | G27: 28052500 | H27: 94050000 | I27: 95850000 | J27: 14800000 | K27: 9628000 | M27: =SUM(B27:K27) -> 649280500 | Q27: 41327000
A28: 46254 | B28: 98300000 | D28: 96890000 | E28: 127840000 | F28: 54605000 | G28: 4080000 | H28: 0 | I28: 6400000 | J28: 31900000 | K28: 12118000 | M28: =SUM(B28:K28) -> 432133000
A29: 46255 | B29: 52210000 | D29: 76220000 | E29: 65215000 | F29: 22505000 | G29: 0 | H29: 17400000 | I29: 13850000 | J29: 0 | K29: 0 | M29: =SUM(B29:K29) -> 247400000
A30: 46256 | B30: 59680000 | D30: 60230000 | E30: 201960000 | F30: 106865000 | G30: 16678250 | H30: 0 | I30: 22845000 | J30: 43420000 | K30: 0 | M30: =SUM(B30:K30) -> 511678250
A31: 46257 | B31: 129430000 | D31: 78400000 | E31: 218230000 | F31: 93900000 | G31: 35432000 | H31: 37450000 | I31: 28150000 | J31: 27000000 | K31: 0 | M31: =SUM(B31:K31) -> 647992000
A32: 46258 | B32: 41400000 | D32: 29350000 | E32: 44670000 | F32: 56710000 | G32: 10712500 | H32: 39090000 | I32: 65340000 | J32: 99015000 | K32: 38040000 | M32: =SUM(B32:K32) -> 424327500
A33: 46259 | B33: 51675000 | D33: 134800000 | E33: 133890000 | F33: 63700000 | G33: 35157000 | H33: 54700000 | I33: 29070000 | J33: 14500000 | K33: 0 | M33: =SUM(B33:K33) -> 517492000
A34: 46260 | B34: 103730000 | D34: 22700000 | E34: 62265000 | F34: 15480000 | G34: 3548750 | H34: 32380000 | I34: 20700000 | J34: 22900000 | K34: 7400000 | M34: =SUM(B34:K34) -> 291103750 | Q34: 23220000
A35: 46261 | B35: 33450000 | D35: 14500000 | E35: 40410000 | F35: 67690000 | G35: 3166250 | H35: 37270000 | I35: 12200000 | J35: 12600000 | K35: 0 | M35: =SUM(B35:K35) -> 221286250 | O35: 2850000 | P35: -2850000 | Q35: =P35-O35 -> -5700000
A36: 46262 | B36: 39630000 | D36: 28890000 | E36: 7400000 | F36: 53440000 | G36: 14161000 | H36: 29060000 | I36: 34400000 | J36: 29200000 | K36: 7700000 | M36: =SUM(B36:K36) -> 243881000 | Q36: =Q34+Q35 -> 17520000
A37: 46263 | B37: 162870000 | D37: 122755000 | E37: 77830000 | F37: 68820000 | G37: 3230000 | H37: 21020000 | I37: 6550000 | J37: 19450000 | K37: 0 | M37: =SUM(B37:K37) -> 482525000
A38: 46264 | B38: 65200000 | D38: 79415000 | E38: 68700000 | F38: 46550000 | G38: 37392000 | H38: 93245000 | I38: 9250000 | J38: 10230000 | K38: 0 | M38: =SUM(B38:K38) -> 409982000
A39: 46265 | B39: 0 | D39: 37500000 | E39: 7200000 | F39: 58700000 | G39: 24653750 | H39: 45650000 | I39: 5110000 | J39: 7740000 | K39: 11680000 | M39: =SUM(B39:K39) -> 198233750
A40: Total Month | B40: =SUM(B9:B39) -> 2307144500 | C40: =SUM(C9:C39) -> 0 | D40: =SUM(D9:D39) -> 2172075000 | E40: =SUM(E9:E39) -> 2600595000 | F40: =SUM(F9:F39) -> 1819943000 | G40: =SUM(G9:G39) -> 492498250 | H40: =SUM(H9:H39) -> 1207795000 | I40: =SUM(I9:I39) -> 1067435000 | ... K40: =SUM(K9:K39) -> 212517000 | M40: =SUM(M9:M39) -> 12943887750 | N40: =M40/M43 -> 1.1366252
A41: Expol | B41: =B40*$C$1/$C$2 -> 2307144500 | C41: =C40*$C$1/$C$2 -> 0 | D41: =D40*$C$1/$C$2 -> 2172075000 | E41: =E40*$C$1/$C$2 -> 2600595000 | F41: =F40*$C$1/$C$2 -> 1819943000 | G41: =G40/C2*C1 -> 492498250 | H41: =H40*$C$1/$C$2 -> 1207795000 | I41: =I40*$C$1/$C$2 -> 1067435000 | J41: =J40*$C$1/$C$2 -> 1063885000 | K41: =K40*$C$1/$C$2 -> 212517000 | L41: =L40*$C$1/$C$2 -> 0 | M41: =SUM(B41:L41) -> 12943887750 | P41: 10549954000
A42: % Expol | B42: =B41/B43 -> 1.4237239 | C42: =C41/C43 -> #DIV/0! | D42: =D41/D43 -> 1.0417626 | E42: =E41/E43 -> 1.0835812 | F42: =F41/F43 -> 1.1779566 | G42: =G41/G43 -> 0.92924198 | H42: =H41/H43 -> 1.0979955 | I42: =I41/I43 -> 1.2558059 | ... K42: =K41/K43 -> 0.82530874 | M42: =M41/M43 -> 1.1366252 | P42: =sum(M33:M34) -> 808595750
A43: Target | B43: 1620500000 | C43: 0 | D43: 2085000000 | E43: 2400000000 | F43: 1545000000 | G43: 530000000 | H43: 1100000000 | I43: 850000000 | J43: 1000000000 | K43: 257500000 | M43: =SUM(B43:L43) -> 11388000000 | N43: =M43*7% -> 797160000 | O43: =N43/13800 -> 57765.217 | P43: =sum(P41:P42) -> 11358549750
A44: Achievement | B44: =B40/B43 -> 1.4237239 | C44: =C40/C43 -> #DIV/0! | D44: =D40/D43 -> 1.0417626 | E44: =E40/E43 -> 1.0835812 | F44: =F40/F43 -> 1.1779566 | G44: =G40/G43 -> 0.92924198 | H44: =H40/H43 -> 1.0979955 | I44: =I40/I43 -> 1.2558059 | ... M44: =M40/M43 -> 1.1366252 | N44: =7%*M43 -> 797160000 | O44: =N44/14300 -> 55745.455 | P44: =P43/M43 -> 0.99741392
A45: LY | B45: 1015235000 | C45: 1517147402 | D45: 2680638500 | E45: 1172821000 | F45: 2139343075 | G45: 1068698750 | H45: 1451934597 | I45: 1175483000 | J45: 0 | K45: 248935000 | M45: =SUM(B45:K45) -> 12470236324
A46: VS LY | B46: =B40/B45-1 -> 1.2725226 | C46: =C40/C45-1 -> -1 | D46: =D40/D45-1 -> -0.1897173 | E46: =E40/E45-1 -> 1.2173844 | F46: =F40/F45-1 -> -0.1492982 | G46: =G40/G45-1 -> -0.53916083 | H46: =H40/H45-1 -> -0.16814779 | I46: =I40/I45-1 -> -0.091917961 | ... K46: =K40/K45-1 -> -0.14629522 | M46: =M41/M45-1 -> 0.037982554
K47: LFL | M47: =(SUM(B41,C41,D41,E41,F41,H41,K41)/(SUM(B45,C45,D45,E45,F45,H45,K45)))-1 -> 0.0091936656
K48: LFL (excl PP, KK) | M48: =sum(B41,D41,E41,F41,H41)/sum(B45,D45,E45,F45,H45)-1 -> 0.19475009
A50: LF sales reporting | B50: Date | C50: Daily | D50: Total Month | E50: Expol | F50: Target | G50: LY | H50: TARGET MIN
A51: 25-31 of the month | B51: PI | C51: =B39 -> 0 | D51: =B40 -> 2307144500 | E51: =B41 -> 2307144500 | F51: =B43 -> 1620500000 | G51: 1744770250 | H51: 4500000 | I51: =D51/H51-1 -> 511.69878
B52: PS | C52: =D39 -> 37500000 | D52: =D40 -> 2172075000 | E52: =D41 -> 2172075000 | F52: =D43 -> 2085000000 | G52: 2565042500 | I52: =D52/H52-1 -> #DIV/0!
B53: PP | C53: =C39 | D53: =C40 -> 0 | E53: =C41 -> 0 | F53: =C43 -> 0 | G53: 1188124000 | I53: =D53/H53-1 -> #DIV/0!
B54: SC | C54: =E39 -> 7200000 | D54: =E40 -> 2600595000 | E54: =E41 -> 2600595000 | F54: =E43 -> 2400000000 | G54: 2066520500 | I54: =D54/H54-1 -> #DIV/0!
B55: TP | C55: =F39 -> 58700000 | D55: =F40 -> 1819943000 | E55: =F41 -> 1819943000 | F55: =F43 -> 1545000000 | G55: 2428966552 | I55: =D55/H55-1 -> #DIV/0!
B56: PIM | C56: =H39 -> 45650000 | D56: =H40 -> 1207795000 | E56: =H41 -> 1207795000 | F56: =H43 -> 1100000000 | G56: 1177789000 | I56: =D56/H56-1 -> #DIV/0!
B57: KOKAS | C57: =I39 -> 5110000 | D57: =I40 -> 1067435000 | E57: =I41 -> 1067435000 | F57: 1133000000 | G57: 1489698250 | I57: =D57/H57-1 -> #DIV/0!
B58: TBOS | C58: =K39 -> 11680000 | D58: =K40 -> 212517000 | E58: =K41 -> 212517000 | F58: =K43 -> 257500000 | G58: 172805000 | I58: =D58/H58-1 -> #DIV/0!
B59: VK | C59: =G39 -> 24653750 | D59: =G40+L40 -> 492498250 | E59: =G41+L41 -> 492498250 | F59: =G43 -> 530000000 | G59: 409561250 | I59: =D59/H59-1 -> #DIV/0!
B60: ICON BALI | C60: =J39 -> 7740000 | D60: =J40 -> 1063885000 | E60: =J41 -> 1063885000 | F60: =J43 -> 1000000000 | I60: =D60/H60-1 -> #DIV/0!
B61: FF JPO | C61: 0 | D61: =L40
B62: TOTAL TB | C62: =sum(C51:C60) -> 198233750 | D62: =sum(D51:D60) -> 12943887750 | E62: =M41 -> 12943887750 | F62: =SUM(F51:F60) -> 11671000000 | G62: =SUM(G51:G60) -> 13243277302 | I62: =D62/H62-1 -> #DIV/0!

Sheet Agustus Detail
A1: Date | B1: PI | G1: PP | L1: PS | Q1: SC | V1: TP | AA1: VK | AF1: PIM | AK1: KOKAS | AP1: Icon Bali | AU1: Total
B2: Walk In | C2: CT | D2: Appointments | E2: Total Store | F2: Social Media | G2: Walk In | H2: CT | I2: Appointments | J2: Total Store | K2: Social Media | L2: Walk In | M2: CT | N2: Appointments | O2: Total Store | P2: Social Media | Q2: Walk In | R2: CT | S2: Appointments | T2: Total Store | U2: Social Media | V2: Walk In | W2: CT | X2: Appointments | Y2: Total Store | Z2: Social Media | AA2: Walk In | AB2: CT | AC2: Appointments | AD2: Total Store | AE2: Social Media | AF2: Walk In | AG2: CT | AH2: Appointments | AI2: Total Store | AJ2: Social Media | AK2: Walk In | AL2: CT | AM2: Appointments | AN2: Total Store | AO2: Social Media | AP2: Walk In | AQ2: CT | AR2: Appointments | AS2: Total Store | AT2: Social Media | AU2: Walk In | AV2: CT | AW2: Appointments | AX2: Total Store | AY2: Social Media
A3: 46235 | B3: =AUGUST!B9-D3-C3 -> 110159500 | D3: 71370000 | E3: =sum(B3:D3) -> 181529500 | J3: =sum(G3:I3) -> 0 | L3: 59830000 | M3: 0 | N3: 17840000 | O3: =sum(L3:N3) -> 77670000 | P3: 0 | Q3: =AUGUST!E9-R3-S3 -> 65025000 | R3: 4900000 | S3: 82120000 | T3: =sum(Q3:S3) -> 152045000 | V3: 44725000 | X3: 101300000 | Y3: =sum(V3:X3) -> 146025000 | AA3: 16407500 | AB3: 2507500 | AD3: =sum(AA3:AC3) -> 18915000 | AF3: =+AUGUST!H9-(AG3+AH3) -> 83275000 | AG3: 0 | AH3: =+6300000+13500000 -> 19800000 | AI3: =AF3+AG3+AH3+AJ3 -> 103075000 | AJ3: 0 | AK3: 15500000 | AL3: - | AM3: - | AN3: =sum(AK3:AM3) -> 15500000 | AO3: 0 | AP3: 7365000 | AS3: =sum(AP3:AR3) -> 7365000 | AU3: =SUM(B3,G3,L3,Q3,V3,AA3,AF3,AK3,AP3) -> 402287000 | AV3: =SUM(C3,H3,M3,R3,W3,AB3,AG3,AL3,AQ3) -> 7407500 | AW3: =SUM(D3,I3,N3,S3,X3,AC3,AH3,AM3,AR3) -> 292430000 | AX3: =E3+J3+O3+T3+Y3+AD3+AI3+AN3+AS3 -> 702124500
A4: 46236 | B4: =AUGUST!B10-D4-C4 -> 44150000 | D4: 38600000 | E4: =sum(B4:D4) -> 82750000 | J4: =sum(G4:I4) -> 0 | L4: 40820000 | M4: 0 | N4: 19440000 | O4: =sum(L4:N4) -> 60260000 | Q4: =AUGUST!E10-R4-S4 -> 32650000 | S4: 43350000 | T4: =sum(Q4:S4) -> 76000000 | X4: 52248000 | Y4: =sum(V4:X4) -> 52248000 | AA4: 30225000 | AB4: 2847500 | AD4: =sum(AA4:AC4) -> 33072500 | AF4: =+AUGUST!H10-(AG4+AH4) -> 23020000 | AG4: 0 | AH4: 22050000 | AI4: =AF4+AG4+AH4+AJ4 -> 45070000 | AJ4: 0 | AK4: 16500000 | AL4: - | AM4: - | AN4: =sum(AK4:AM4) -> 16500000 | AO4: 0 | AP4: 26350000 | AQ4: 0 | AR4: 16500000 | AS4: =sum(AP4:AR4) -> 42850000 | AU4: =SUM(B4,G4,L4,Q4,V4,AA4,AF4,AK4,AP4) -> 213715000 | AV4: =SUM(C4,H4,M4,R4,W4,AB4,AG4,AL4,AQ4) -> 2847500 | AW4: =SUM(D4,I4,N4,S4,X4,AC4,AH4,AM4,AR4) -> 192188000 | AX4: =E4+J4+O4+T4+Y4+AD4+AI4+AN4+AS4 -> 408750500
A5: 46237 | B5: =AUGUST!B11-D5-C5 -> 9900000 | D5: 223915000 | E5: =sum(B5:D5) -> 233815000 | F5: 43500000 | J5: =sum(G5:I5) -> 0 | L5: 29640000 | M5: 14500000 | N5: 147860000 | O5: =sum(L5:N5) -> 192000000 | Q5: =AUGUST!E11-R5-S5 -> 64080000 | R5: 65300000 | S5: 56000000 | T5: =sum(Q5:S5) -> 185380000 | V5: 32800000 | Y5: =sum(V5:X5) -> 32800000 | AA5: - | AB5: 0 | AC5: - | AD5: =sum(AA5:AC5) -> 0 | AF5: =+AUGUST!H11-(AG5+AH5) -> 17000000 | AG5: 0 | AH5: 163835000 | AI5: =AF5+AG5+AH5+AJ5 -> 180835000 | AJ5: 0 | AK5: 13900000 | AL5: 18610000 | AM5: 71050000 | AN5: =sum(AK5:AM5) -> 103560000 | AO5: - | AP5: 31215000 | AQ5: 0 | AR5: 16500000 | AS5: =sum(AP5:AR5) -> 47715000 | AU5: =SUM(B5,G5,L5,Q5,V5,AA5,AF5,AK5,AP5) -> 198535000 | AV5: =SUM(C5,H5,M5,R5,W5,AB5,AG5,AL5,AQ5) -> 98410000 | AW5: =SUM(D5,I5,N5,S5,X5,AC5,AH5,AM5,AR5) -> 679160000 | AX5: =E5+J5+O5+T5+Y5+AD5+AI5+AN5+AS5 -> 976105000
A6: 46238 | B6: =AUGUST!B12-D6-C6 -> 20500000 | E6: =sum(B6:D6) -> 20500000 | J6: =sum(G6:I6) -> 0 | L6: 11100000 | M6: 17800000 | N6: 42050000 | O6: =sum(L6:N6) -> 70950000 | Q6: =AUGUST!E12-R6-S6 -> 60950000 | R6: 22900000 | S6: 14500000 | T6: =sum(Q6:S6) -> 98350000 | X6: 20200000 | Y6: =sum(V6:X6) -> 20200000 | AA6: 3463750 | AD6: =sum(AA6:AC6) -> 3463750 | AF6: =+AUGUST!H12-(AG6+AH6) -> 41150000 | AG6: 0 | AH6: 0 | AI6: =AF6+AG6+AH6+AJ6 -> 41150000 | AJ6: 0 | AK6: 33400000 | AL6: - | AM6: 14500000 | AN6: =sum(AK6:AM6) -> 47900000 | AO6: - | AP6: 0 | AQ6: 0 | AR6: 0 | AS6: =sum(AP6:AR6) -> 0 | AU6: =SUM(B6,G6,L6,Q6,V6,AA6,AF6,AK6,AP6) -> 170563750 | AV6: =SUM(C6,H6,M6,R6,W6,AB6,AG6,AL6,AQ6) -> 40700000 | AW6: =SUM(D6,I6,N6,S6,X6,AC6,AH6,AM6,AR6) -> 91250000 | AX6: =E6+J6+O6+T6+Y6+AD6+AI6+AN6+AS6 -> 302513750
A7: 46239 | B7: =AUGUST!B13-D7-C7 -> 19700000 | D7: 79350000 | E7: =sum(B7:D7) -> 99050000 | J7: =sum(G7:I7) -> 0 | L7: 21600000 | M7: 0 | N7: 32870000 | O7: =sum(L7:N7) -> 54470000 | Q7: =AUGUST!E13-R7-S7 -> 33800000 | T7: =sum(Q7:S7) -> 33800000 | X7: 116000000 | Y7: =sum(V7:X7) -> 116000000 | AA7: 3927500 | AD7: =sum(AA7:AC7) -> 3927500 | AF7: =+AUGUST!H13-(AG7+AH7) -> 0 | AG7: 0 | AH7: 0 | AI7: =AF7+AG7+AH7+AJ7 -> 0 | AJ7: 0 | AK7: =78300000-AM7 -> 31700000 | AM7: =26100000+16500000+4000000 -> 46600000 | AN7: =sum(AK7:AM7) -> 78300000 | AO7: - | AP7: 23500000 | AS7: =sum(AP7:AR7) -> 23500000 | AT7: 0 | AU7: =SUM(B7,G7,L7,Q7,V7,AA7,AF7,AK7,AP7) -> 134227500 | AV7: =SUM(C7,H7,M7,R7,W7,AB7,AG7,AL7,AQ7) -> 0 | AW7: =SUM(D7,I7,N7,S7,X7,AC7,AH7,AM7,AR7) -> 274820000 | AX7: =E7+J7+O7+T7+Y7+AD7+AI7+AN7+AS7 -> 409047500
A8: 46240 | B8: =AUGUST!B14-D8-C8 -> 0 | D8: 0 | E8: =sum(B8:D8) -> 0 | J8: =sum(G8:I8) -> 0 | L8: 37900000 | M8: 0 | N8: 67525000 | O8: =sum(L8:N8) -> 105425000 | Q8: =AUGUST!E14-R8-S8 -> 31900000 | S8: 13050000 | T8: =sum(Q8:S8) -> 44950000 | V8: 36500000 | X8: 61950000 | Y8: =sum(V8:X8) -> 98450000 | AA8: 8907500 | AD8: =sum(AA8:AC8) -> 8907500 | AF8: =+AUGUST!H14-(AG8+AH8) -> 13100000 | AG8: 0 | AH8: 13900000 | AI8: =AF8+AG8+AH8+AJ8 -> 27000000 | AJ8: 0 | AK8: 7840000 | AL8: 0 | AM8: 4720000 | AN8: =sum(AK8:AM8) -> 12560000 | AO8: - | AP8: 54900000 | AQ8: 0 | AR8: 0 | AS8: =sum(AP8:AR8) -> 54900000 | AU8: =SUM(B8,G8,L8,Q8,V8,AA8,AF8,AK8,AP8) -> 191047500 | AV8: =SUM(C8,H8,M8,R8,W8,AB8,AG8,AL8,AQ8) -> 0 | AW8: =SUM(D8,I8,N8,S8,X8,AC8,AH8,AM8,AR8) -> 161145000 | AX8: =E8+J8+O8+T8+Y8+AD8+AI8+AN8+AS8 -> 352192500
A9: 46241 | B9: =AUGUST!B15-D9-C9 -> 7400000 | D9: 23050000 | E9: =sum(B9:D9) -> 30450000 | J9: =sum(G9:I9) -> 0 | L9: 9700000 | M9: 0 | N9: 27120000 | O9: =sum(L9:N9) -> 36820000 | Q9: =AUGUST!E15-R9-S9 -> 33880000 | S9: 26450000 | T9: =sum(Q9:S9) -> 60330000 | V9: 53100000 | X9: 34650000 | Y9: =sum(V9:X9) -> 87750000 | AA9: 10200000 | AD9: =sum(AA9:AC9) -> 10200000 | AF9: =+AUGUST!H15-(AG9+AH9) -> 0 | AG9: 5200000 | AH9: =11300000+11600000 -> 22900000 | AI9: =AF9+AG9+AH9+AJ9 -> 28100000 | AJ9: 0 | AK9: 20550000 | AL9: - | AM9: 14500000 | AN9: =sum(AK9:AM9) -> 35050000 | AO9: - | AP9: 19740000 | AR9: 43500000 | AS9: =sum(AP9:AR9) -> 63240000 | AT9: 0 | AU9: =SUM(B9,G9,L9,Q9,V9,AA9,AF9,AK9,AP9) -> 154570000 | AV9: =SUM(C9,H9,M9,R9,W9,AB9,AG9,AL9,AQ9) -> 5200000 | AW9: =SUM(D9,I9,N9,S9,X9,AC9,AH9,AM9,AR9) -> 192170000 | AX9: =E9+J9+O9+T9+Y9+AD9+AI9+AN9+AS9 -> 351940000
A10: 46242 | B10: =AUGUST!B16-D10-C10 -> 38200000 | D10: 111180000 | E10: =sum(B10:D10) -> 149380000 | J10: =sum(G10:I10) -> 0 | L10: 119890000 | M10: 0 | N10: 103105000 | O10: =sum(L10:N10) -> 222995000 | Q10: =AUGUST!E16-R10-S10 -> 31050000 | R10: 15200000 | S10: 78790000 | T10: =sum(Q10:S10) -> 125040000 | V10: 15175000 | X10: 24980000 | Y10: =sum(V10:X10) -> 40155000 | AA10: 14721250 | AD10: =sum(AA10:AC10) -> 14721250 | AF10: =+AUGUST!H16-(AG10+AH10) -> 0 | AG10: 0 | AH10: 3300000 | AI10: =AF10+AG10+AH10+AJ10 -> 3300000 | AJ10: 0 | AK10: 33850000 | AL10: - | AM10: 39350000 | AN10: =sum(AK10:AM10)+AO10 -> 89700000 | AO10: 16500000 | AP10: 46600000 | AR10: 8660000 | AS10: =sum(AP10:AR10) -> 55260000 | AU10: =SUM(B10,G10,L10,Q10,V10,AA10,AF10,AK10,AP10) -> 299486250 | AV10: =SUM(C10,H10,M10,R10,W10,AB10,AG10,AL10,AQ10) -> 15200000 | AW10: =SUM(D10,I10,N10,S10,X10,AC10,AH10,AM10,AR10) -> 369365000 | AX10: =E10+J10+O10+T10+Y10+AD10+AI10+AN10+AS10 -> 700551250
A11: 46243 | B11: =AUGUST!B17-D11-C11 -> 27750000 | D11: 50310000 | E11: =sum(B11:D11) -> 78060000 | J11: =sum(G11:I11) -> 0 | L11: 17200000 | M11: 0 | N11: 20800000 | O11: =sum(L11:N11) -> 38000000 | Q11: =AUGUST!E17-R11-S11 -> 76800000 | S11: 44100000 | T11: =sum(Q11:S11) -> 120900000 | V11: 28000000 | X11: 39700000 | Y11: =sum(V11:X11) -> 67700000 | AA11: 8706250 | AD11: =sum(AA11:AC11) -> 8706250 | AF11: =+AUGUST!H17-(AG11+AH11) -> 34950000 | AG11: 0 | AH11: 25500000 | AI11: =AF11+AG11+AH11+AJ11 -> 60450000 | AJ11: 0 | AK11: 52400000 | AL11: - | AM11: - | AN11: =sum(AK11:AM11) -> 52400000 | AO11: - | AP11: 36750000 | AS11: =sum(AP11:AR11) -> 36750000 | AU11: =SUM(B11,G11,L11,Q11,V11,AA11,AF11,AK11,AP11) -> 282556250 | AV11: =SUM(C11,H11,M11,R11,W11,AB11,AG11,AL11,AQ11) -> 0 | AW11: =SUM(D11,I11,N11,S11,X11,AC11,AH11,AM11,AR11) -> 180410000 | AX11: =E11+J11+O11+T11+Y11+AD11+AI11+AN11+AS11 -> 462966250
A12: 46244 | B12: =AUGUST!B18-D12-C12 -> 31850000 | D12: 32250000 | E12: =sum(B12:D12) -> 64100000 | J12: =sum(G12:I12) -> 0 | L12: 19800000 | M12: 0 | N12: 0 | O12: =sum(L12:N12) -> 19800000 | Q12: =AUGUST!E18-R12-S12 -> 39060000 | S12: 52450000 | T12: =sum(Q12:S12) -> 91510000 | V12: 21300000 | X12: 7900000 | Y12: =sum(V12:X12) -> 29200000 | AD12: =sum(AA12:AC12) -> 0 | AF12: =+AUGUST!H18-(AG12+AH12) -> 0 | AG12: 0 | AH12: 0 | AI12: =AF12+AG12+AH12+AJ12 -> 0 | AJ12: 0 | AK12: 30400000 | AM12: - | AN12: =sum(AK12:AM12) -> 30400000 | AO12: 0 | AP12: 22270000 | AR12: 33150000 | AS12: =sum(AP12:AR12) -> 55420000 | AU12: =SUM(B12,G12,L12,Q12,V12,AA12,AF12,AK12,AP12) -> 164680000 | AV12: =SUM(C12,H12,M12,R12,W12,AB12,AG12,AL12,AQ12) -> 0 | AW12: =SUM(D12,I12,N12,S12,X12,AC12,AH12,AM12,AR12) -> 125750000 | AX12: =E12+J12+O12+T12+Y12+AD12+AI12+AN12+AS12 -> 290430000
A13: 46245 | B13: =AUGUST!B19-D13-C13 -> 34965000 | D13: 25750000 | E13: =sum(B13:D13) -> 60715000 | J13: =sum(G13:I13) -> 0 | L13: 13900000 | M13: 0 | N13: 15200000 | O13: =sum(L13:N13) -> 29100000 | Q13: =AUGUST!E19-R13-S13 -> 16500000 | R13: 9800000 | T13: =sum(Q13:S13) -> 26300000 | V13: 7300000 | Y13: =sum(V13:X13) -> 7300000 | AB13: 2975000 | AD13: =sum(AA13:AC13) -> 2975000 | AF13: =+AUGUST!H19-(AG13+AH13) -> 0 | AG13: 0 | AH13: 16350000 | AI13: =AF13+AG13+AH13+AJ13 -> 16350000 | AJ13: 0 | AK13: - | AL13: - | AM13: 6300000 | AN13: =sum(AK13:AM13) -> 6300000 | AO13: - | AP13: 33150000 | AQ13: 0 | AR13: 0 | AS13: =sum(AP13:AR13) -> 33150000 | AU13: =SUM(B13,G13,L13,Q13,V13,AA13,AF13,AK13,AP13) -> 105815000 | AV13: =SUM(C13,H13,M13,R13,W13,AB13,AG13,AL13,AQ13) -> 12775000 | AW13: =SUM(D13,I13,N13,S13,X13,AC13,AH13,AM13,AR13) -> 63600000 | AX13: =E13+J13+O13+T13+Y13+AD13+AI13+AN13+AS13 -> 182190000
A14: 46246 | B14: =AUGUST!B20-D14-C14 -> 38600000 | D14: 40620000 | E14: =sum(B14:D14) -> 79220000 | J14: =sum(G14:I14) -> 0 | L14: 18700000 | M14: 0 | N14: 24650000 | O14: =sum(L14:N14) -> 43350000 | Q14: =AUGUST!E20-R14-S14 -> 18520000 | T14: =sum(Q14:S14) -> 18520000 | V14: 10900000 | X14: 7200000 | Y14: =sum(V14:X14) -> 18100000 | AA14: - | AB14: - | AC14: - | AD14: =sum(AA14:AC14) -> 0 | AF14: =+AUGUST!H20-(AG14+AH14) -> 0 | AG14: 0 | AH14: 29700000 | AI14: =AF14+AG14+AH14+AJ14 -> 29700000 | AJ14: 0 | AK14: =62700000-AM14 -> 49650000 | AL14: - | AM14: 13050000 | AN14: =sum(AK14:AM14) -> 62700000 | AO14: - | AP14: 7350000 | AS14: =sum(AP14:AR14) -> 7350000 | AU14: =SUM(B14,G14,L14,Q14,V14,AA14,AF14,AK14,AP14) -> 143720000 | AV14: =SUM(C14,H14,M14,R14,W14,AB14,AG14,AL14,AQ14) -> 0 | AW14: =SUM(D14,I14,N14,S14,X14,AC14,AH14,AM14,AR14) -> 115220000 | AX14: =E14+J14+O14+T14+Y14+AD14+AI14+AN14+AS14 -> 258940000
A15: 46247 | B15: =AUGUST!B21-D15-C15 -> 7000000 | D15: 34250000 | E15: =sum(B15:D15) -> 41250000 | J15: =sum(G15:I15) -> 0 | L15: 0 | M15: 16500000 | N15: 0 | O15: =sum(L15:N15) -> 16500000 | Q15: =AUGUST!E21-R15-S15 -> 24830000 | T15: =sum(Q15:S15) -> 24830000 | V15: 13400000 | X15: 18250000 | Y15: =sum(V15:X15) -> 31650000 | AA15: 17878750 | AD15: =sum(AA15:AC15) -> 17878750 | AF15: =+AUGUST!H21-(AG15+AH15) -> 0 | AG15: 0 | AH15: 6400000 | AI15: =AF15+AG15+AH15+AJ15 -> 6400000 | AJ15: 0 | AK15: =24220000-AM15 -> 17420000 | AL15: - | AM15: 6800000 | AN15: =sum(AK15:AM15) -> 24220000 | AO15: - | AP15: 9800000 | AS15: =sum(AP15:AR15) -> 9800000 | AU15: =SUM(B15,G15,L15,Q15,V15,AA15,AF15,AK15,AP15) -> 90328750 | AV15: =SUM(C15,H15,M15,R15,W15,AB15,AG15,AL15,AQ15) -> 16500000 | AW15: =SUM(D15,I15,N15,S15,X15,AC15,AH15,AM15,AR15) -> 65700000 | AX15: =E15+J15+O15+T15+Y15+AD15+AI15+AN15+AS15 -> 172528750
A16: 46248 | B16: =AUGUST!B22-D16-C16 -> 0 | D16: 25900000 | E16: =sum(B16:D16) -> 25900000 | J16: =sum(G16:I16) -> 0 | L16: 11300000 | M16: 9495000 | N16: 47910000 | O16: =sum(L16:N16) -> 68705000 | Q16: =AUGUST!E22-R16-S16 -> 20550000 | S16: 28950000 | T16: =sum(Q16:S16) -> 49500000 | V16: =AUGUST!F22-W16-X16 -> 36370000 | W16: 16500000 | X16: =9600000+13680000 -> 23280000 | Y16: =sum(V16:X16) -> 76150000 | AA16: 11674750 | AD16: =sum(AA16:AC16) -> 11674750 | AF16: =+AUGUST!H22-(AG16+AH16) -> 0 | AG16: 0 | AH16: 0 | AI16: =AF16+AG16+AH16+AJ16 -> 0 | AJ16: 0 | AK16: =41350000-AM16 -> 23750000 | AL16: - | AM16: 17600000 | AN16: =sum(AK16:AM16) -> 41350000 | AO16: - | AP16: 53360000 | AR16: 11220000 | AS16: =sum(AP16:AR16) -> 64580000 | AU16: =SUM(B16,G16,L16,Q16,V16,AA16,AF16,AK16,AP16) -> 157004750 | AV16: =SUM(C16,H16,M16,R16,W16,AB16,AG16,AL16,AQ16) -> 25995000 | AW16: =SUM(D16,I16,N16,S16,X16,AC16,AH16,AM16,AR16) -> 154860000 | AX16: =E16+J16+O16+T16+Y16+AD16+AI16+AN16+AS16 -> 337859750
A17: 46249 | B17: =AUGUST!B23-D17-C17 -> 21350000 | D17: 37950000 | E17: =sum(B17:D17) -> 59300000 | F17: 10750000 | J17: =sum(G17:I17) -> 0 | L17: 16700000 | M17: 13950000 | N17: 29300000 | O17: =sum(L17:N17) -> 59950000 | Q17: =AUGUST!E23-R17-S17 -> 36050000 | S17: 40990000 | T17: =sum(Q17:S17) -> 77040000 | V17: 49450000 | W17: 7400000 | X17: 37600000 | Y17: =sum(V17:X17) -> 94450000 | AA17: 16262500 | AC17: 23590000 | AD17: =sum(AA17:AC17) -> 39852500 | AF17: =+AUGUST!H23-(AG17+AH17) -> 0 | AG17: 6300000 | AH17: 8100000 | AI17: =AF17+AG17+AH17+AJ17 -> 14400000 | AJ17: 0 | AK17: 10300000 | AL17: - | AM17: 19715000 | AN17: =sum(AK17:AM17) -> 30015000 | AO17: - | AP17: 18600000 | AQ17: 0 | AR17: 135250000 | AS17: =sum(AP17:AR17) -> 153850000 | AU17: =SUM(B17,G17,L17,Q17,V17,AA17,AF17,AK17,AP17) -> 168712500 | AV17: =SUM(C17,H17,M17,R17,W17,AB17,AG17,AL17,AQ17) -> 27650000 | AW17: =SUM(D17,I17,N17,S17,X17,AC17,AH17,AM17,AR17) -> 332495000 | AX17: =E17+J17+O17+T17+Y17+AD17+AI17+AN17+AS17 -> 528857500
A18: 46250 | B18: =AUGUST!B24-D18-C18 -> 58700000 | D18: 63150000 | E18: =sum(B18:D18) -> 121850000 | F18: 7600000 | J18: =sum(G18:I18) -> 0 | L18: 36950000 | M18: 27900000 | N18: 16100000 | O18: =sum(L18:N18) -> 80950000 | Q18: =AUGUST!E24-R18-S18 -> 74290000 | R18: 12400000 | S18: 23600000 | T18: =sum(Q18:S18) -> 110290000 | V18: 34950000 | W18: 11300000 | X18: 33000000 | Y18: =sum(V18:X18) -> 79250000 | AA18: 30090250 | AC18: 12435500 | AD18: =sum(AA18:AC18) -> 42525750 | AF18: =+AUGUST!H24-(AG18+AH18) -> 42750000 | AG18: 0 | AH18: 30700000 | AI18: =AF18+AG18+AH18+AJ18 -> 73450000 | AJ18: 0 | AK18: - | AL18: 5450000 | AM18: 13165000 | AN18: =sum(AK18:AM18) -> 18615000 | AO18: - | AP18: 22750000 | AR18: 15900000 | AS18: =sum(AP18:AR18) -> 38650000 | AU18: =SUM(B18,G18,L18,Q18,V18,AA18,AF18,AK18,AP18) -> 300480250 | AV18: =SUM(C18,H18,M18,R18,W18,AB18,AG18,AL18,AQ18) -> 57050000 | AW18: =SUM(D18,I18,N18,S18,X18,AC18,AH18,AM18,AR18) -> 208050500 | AX18: =E18+J18+O18+T18+Y18+AD18+AI18+AN18+AS18 -> 565580750
A19: 46251 | B19: =AUGUST!B25-D19-C19 -> 33400000 | D19: 0 | E19: =sum(B19:D19) -> 33400000 | J19: =sum(G19:I19) -> 0 | L19: 25150000 | M19: 14500000 | N19: 7830000 | O19: =sum(L19:N19) -> 47480000 | Q19: =AUGUST!E25-R19-S19 -> 46450000 | T19: =sum(Q19:S19) -> 46450000 | V19: 23550000 | X19: 35900000 | Y19: =sum(V19:X19) -> 59450000 | AA19: 44330500 | AC19: 10561250 | AD19: =sum(AA19:AC19) -> 54891750 | AF19: =+AUGUST!H25-(AG19+AH19) -> 48000000 | AG19: 0 | AH19: 29200000 | AI19: =AF19+AG19+AH19+AJ19 -> 77200000 | AJ19: 0 | AK19: 18700000 | AL19: - | AM19: 9900000 | AN19: =sum(AK19:AM19) -> 28600000 | AO19: - | AP19: 18750000 | AQ19: 0 | AR19: 4100000 | AS19: =sum(AP19:AR19) -> 22850000 | AU19: =SUM(B19,G19,L19,Q19,V19,AA19,AF19,AK19,AP19) -> 258330500 | AV19: =SUM(C19,H19,M19,R19,W19,AB19,AG19,AL19,AQ19) -> 14500000 | AW19: =SUM(D19,I19,N19,S19,X19,AC19,AH19,AM19,AR19) -> 97491250 | AX19: =E19+J19+O19+T19+Y19+AD19+AI19+AN19+AS19 -> 370321750
A20: 46252 | B20: =AUGUST!B26-D20-C20 -> 0 | D20: 0 | E20: =sum(B20:D20) -> 0 | J20: =sum(G20:I20) -> 0 | L20: 19300000 | M20: 0 | N20: 20200000 | O20: =sum(L20:N20) -> 39500000 | Q20: =AUGUST!E26-R20-S20 -> 46550000 | S20: 13100000 | T20: =sum(Q20:S20) -> 59650000 | V20: 7300000 | X20: 9800000 | Y20: =sum(V20:X20) -> 17100000 | AC20: 4522000 | AD20: =sum(AA20:AC20) -> 4522000 | AF20: =+AUGUST!H26-(AG20+AH20) -> 0 | AG20: 0 | AH20: 0 | AI20: =AF20+AG20+AH20+AJ20 -> 0 | AJ20: 0 | AK20: 6300000 | AL20: - | AM20: 17750000 | AN20: =sum(AK20:AM20) -> 24050000 | AO20: - | AP20: 8100000 | AR20: 5800000 | AS20: =sum(AP20:AR20) -> 13900000 | AU20: =SUM(B20,G20,L20,Q20,V20,AA20,AF20,AK20,AP20) -> 87550000 | AV20: =SUM(C20,H20,M20,R20,W20,AB20,AG20,AL20,AQ20) -> 0 | AW20: =SUM(D20,I20,N20,S20,X20,AC20,AH20,AM20,AR20) -> 71172000 | AX20: =E20+J20+O20+T20+Y20+AD20+AI20+AN20+AS20 -> 158722000
A21: 46253 | B21: =AUGUST!B27-D21-C21 -> 21300000 | D21: 87000000 | E21: =sum(B21:D21) -> 108300000 | F21: 43500000 | J21: =sum(G21:I21) -> 0 | L21: 49350000 | M21: 14500000 | N21: 53650000 | O21: =sum(L21:N21) -> 117500000 | Q21: =AUGUST!E27-R21-S21 -> 57100000 | R21: 58000000 | S21: 29000000 | T21: =sum(Q21:S21) -> 144100000 | V21: =AUGUST!F27-X21 -> 33900000 | X21: 3100000 | Y21: =sum(V21:X21) -> 37000000 | AA21: 21182500 | AB21: 6870000 | AD21: =sum(AA21:AC21) -> 28052500 | AF21: =+AUGUST!H27-(AG21+AH21) -> 21550000 | AG21: 29000000 | AH21: 43500000 | AI21: =AF21+AG21+AH21+AJ21 -> 94050000 | AJ21: 0 | AK21: =95850000-AM21 -> 37850000 | AL21: - | AM21: =14500000*4 -> 58000000 | AN21: =sum(AK21:AM21) -> 95850000 | AO21: - | AP21: 9000000 | AR21: 5800000 | AS21: =sum(AP21:AR21) -> 14800000 | AU21: =SUM(B21,G21,L21,Q21,V21,AA21,AF21,AK21,AP21) -> 251232500 | AV21: =SUM(C21,H21,M21,R21,W21,AB21,AG21,AL21,AQ21) -> 108370000 | AW21: =SUM(D21,I21,N21,S21,X21,AC21,AH21,AM21,AR21) -> 280050000 | AX21: =E21+J21+O21+T21+Y21+AD21+AI21+AN21+AS21 -> 639652500
A22: 46254 | B22: =AUGUST!B28-D22-C22 -> 25300000 | D22: 73000000 | E22: =sum(B22:D22) -> 98300000 | F22: 13100000 | J22: =sum(G22:I22) -> 0 | L22: 61300000 | M22: 0 | N22: 35590000 | O22: =sum(L22:N22) -> 96890000 | Q22: =AUGUST!E28-R22-S22 -> 51230000 | S22: 76610000 | T22: =sum(Q22:S22) -> 127840000 | V22: 21100000 | X22: 33505000 | Y22: =sum(V22:X22) -> 54605000 | AA22: 4080000 | AD22: =sum(AA22:AC22) -> 4080000 | AF22: =+AUGUST!H28-(AG22+AH22) -> 0 | AG22: 0 | AH22: 0 | AI22: =AF22+AG22+AH22+AJ22 -> 0 | AJ22: 0 | AK22: 6400000 | AL22: - | AM22: - | AN22: =sum(AK22:AM22) -> 6400000 | AO22: - | AP22: 31900000 | AS22: =sum(AP22:AR22) -> 31900000 | AU22: =SUM(B22,G22,L22,Q22,V22,AA22,AF22,AK22,AP22) -> 201310000 | AV22: =SUM(C22,H22,M22,R22,W22,AB22,AG22,AL22,AQ22) -> 0 | AW22: =SUM(D22,I22,N22,S22,X22,AC22,AH22,AM22,AR22) -> 218705000 | AX22: =E22+J22+O22+T22+Y22+AD22+AI22+AN22+AS22 -> 420015000
A23: 46255 | B23: =AUGUST!B29-D23-C23 -> 20010000 | D23: 32200000 | E23: =sum(B23:D23) -> 52210000 | J23: =sum(G23:I23) -> 0 | L23: 23465000 | M23: 9100000 | N23: 43655000 | O23: =sum(L23:N23) -> 76220000 | Q23: =AUGUST!E29-R23-S23 -> 65215000 | T23: =sum(Q23:S23) -> 65215000 | V23: 7300000 | X23: 15205000 | Y23: =sum(V23:X23) -> 22505000 | AA23: - | AB23: - | AC23: - | AD23: =sum(AA23:AC23) -> 0 | AF23: =+AUGUST!H29-(AG23+AH23) -> 11100000 | AG23: 0 | AH23: 6300000 | AI23: =AF23+AG23+AH23+AJ23 -> 17400000 | AJ23: 0 | AK23: 13850000 | AL23: - | AM23: - | AN23: =sum(AK23:AM23) -> 13850000 | AO23: - | AP23: 0 | AQ23: 0 | AR23: 0 | AS23: =sum(AP23:AR23) -> 0 | AU23: =SUM(B23,G23,L23,Q23,V23,AA23,AF23,AK23,AP23) -> 140940000 | AV23: =SUM(C23,H23,M23,R23,W23,AB23,AG23,AL23,AQ23) -> 9100000 | AW23: =SUM(D23,I23,N23,S23,X23,AC23,AH23,AM23,AR23) -> 97360000 | AX23: =E23+J23+O23+T23+Y23+AD23+AI23+AN23+AS23 -> 247400000
A24: 46256 | B24: =AUGUST!B30-D24-C24 -> 29080000 | D24: 30600000 | E24: =sum(B24:D24) -> 59680000 | J24: =sum(G24:I24) -> 0 | L24: 18500000 | M24: 10030000 | N24: 31700000 | O24: =sum(L24:N24) -> 60230000 | Q24: =AUGUST!E30-R24-S24 -> 129560000 | S24: 72400000 | T24: =sum(Q24:S24) -> 201960000 | V24: 69765000 | X24: 37100000 | Y24: =sum(V24:X24) -> 106865000 | AA24: 16678250 | AD24: =sum(AA24:AC24) -> 16678250 | AF24: =+AUGUST!H30-(AG24+AH24) -> 0 | AG24: 0 | AH24: 0 | AI24: =AF24+AG24+AH24+AJ24 -> 0 | AJ24: 0 | AK24: 22845000 | AL24: - | AM24: - | AN24: =sum(AK24:AM24) -> 22845000 | AO24: - | AP24: 43420000 | AS24: =sum(AP24:AR24) -> 43420000 | AU24: =SUM(B24,G24,L24,Q24,V24,AA24,AF24,AK24,AP24) -> 329848250 | AV24: =SUM(C24,H24,M24,R24,W24,AB24,AG24,AL24,AQ24) -> 10030000 | AW24: =SUM(D24,I24,N24,S24,X24,AC24,AH24,AM24,AR24) -> 171800000 | AX24: =E24+J24+O24+T24+Y24+AD24+AI24+AN24+AS24 -> 511678250
A25: 46257 | B25: =AUGUST!B31-D25-C25 -> 46715000 | D25: 82715000 | E25: =sum(B25:D25) -> 129430000 | F25: 13400000 | J25: =sum(G25:I25) -> 0 | L25: 25850000 | M25: 11200000 | N25: 41350000 | O25: =sum(L25:N25) -> 78400000 | Q25: =AUGUST!E31-R25-S25 -> 141560000 | R25: 14500000 | S25: 62170000 | T25: =sum(Q25:S25) -> 218230000 | V25: =AUGUST!F31-X25 -> 38800000 | X25: 55100000 | Y25: =sum(V25:X25) -> 93900000 | AA25: 23672000 | AC25: 11760000 | AD25: =sum(AA25:AC25) -> 35432000 | AF25: =+AUGUST!H31-(AG25+AH25) -> 14400000 | AG25: 0 | AH25: 23050000 | AI25: =AF25+AG25+AH25+AJ25 -> 37450000 | AJ25: 0 | AK25: 28150000 | AL25: - | AM25: - | AN25: =sum(AK25:AM25) -> 28150000 | AO25: - | AP25: 27000000 | AS25: =sum(AP25:AR25) -> 27000000 | AU25: =SUM(B25,G25,L25,Q25,V25,AA25,AF25,AK25,AP25) -> 346147000 | AV25: =SUM(C25,H25,M25,R25,W25,AB25,AG25,AL25,AQ25) -> 25700000 | AW25: =SUM(D25,I25,N25,S25,X25,AC25,AH25,AM25,AR25) -> 276145000 | AX25: =E25+J25+O25+T25+Y25+AD25+AI25+AN25+AS25 -> 647992000
A26: 46258 | B26: =AUGUST!B32-D26-C26 -> 26300000 | D26: 15100000 | E26: =sum(B26:D26) -> 41400000 | J26: =sum(G26:I26) -> 0 | L26: 13600000 | M26: 10350000 | N26: 5400000 | O26: =sum(L26:N26) -> 29350000 | Q26: =AUGUST!E32-R26-S26 -> 22050000 | S26: 22620000 | T26: =sum(Q26:S26) -> 44670000 | V26: =AUGUST!F33-X26 -> 20390000 | X26: 43310000 | Y26: =sum(V26:X26) -> 63700000 | AB26: 4550000 | AC26: 6162500 | AD26: =sum(AA26:AC26) -> 10712500 | AF26: =+AUGUST!H32-(AG26+AH26) -> 9000000 | AG26: 13590000 | AH26: 16500000 | AI26: =AF26+AG26+AH26+AJ26 -> 39090000 | AJ26: 0 | AK26: 34200000 | AL26: - | AM26: 31140000 | AN26: =sum(AK26:AM26) -> 65340000 | AO26: - | AP26: 32015000 | AQ26: 9000000 | AR26: 58000000 | AS26: =sum(AP26:AR26) -> 99015000 | AU26: =SUM(B26,G26,L27,Q26,V26,AA26,AF26,AK26,AP26) -> 183405000 | AV26: =SUM(C26,H26,M27,R26,W26,AB26,AG26,AL26,AQ26) -> 46590000 | AW26: =SUM(D26,I26,N27,S26,X26,AC26,AH26,AM26,AR26) -> 268732500 | AX26: =E26+J26+O27+T26+Y26+AD26+AI26+AN26+AS26 -> 498727500
A27: 46259 | B27: =AUGUST!B33-D27-C27 -> 17225000 | D27: 34450000 | E27: =sum(B27:D27) -> 51675000 | J27: =sum(G27:I27) -> 0 | L27: 39450000 | M27: 19450000 | N27: 75900000 | O27: =sum(L27:N27) -> 134800000 | Q27: =AUGUST!E33-R27-S27 -> 59250000 | S27: 74640000 | T27: =sum(Q27:S27) -> 133890000 | V27: =AUGUST!F33-X27 -> 25100000 | X27: 38600000 | Y27: =sum(V27:X27) -> 63700000 | AA27: 22432500 | AB27: 12724500 | AD27: =sum(AA27:AC27) -> 35157000 | AF27: =+AUGUST!H33-(AG27+AH27) -> 12700000 | AG27: 11300000 | AH27: 30700000 | AI27: =AF27+AG27+AH27+AJ27 -> 54700000 | AJ27: 0 | AK27: =29070000-AM27 -> 17770000 | AL27: - | AM27: 11300000 | AN27: =sum(AK27:AM27) -> 29070000 | AO27: - | AR27: 14500000 | AS27: =sum(AP27:AR27) -> 14500000 | AU27: =SUM(B27,G27,L28,Q27,V27,AA27,AF27,AK27,AP27) -> 161877500 | AV27: =SUM(C27,H27,M28,R27,W27,AB27,AG27,AL27,AQ27) -> 24024500 | AW27: =SUM(D27,I27,N28,S27,X27,AC27,AH27,AM27,AR27) -> 219490000 | AX27: =E27+J27+O28+T27+Y27+AD27+AI27+AN27+AS27 -> 405392000
A28: 46260 | B28: =AUGUST!B34-D28-C28 -> 65030000 | D28: 38700000 | E28: =sum(B28:D28) -> 103730000 | F28: 6780000 | J28: =sum(G28:I28) -> 0 | L28: 7400000 | N28: 15300000 | O28: =sum(L28:N28) -> 22700000 | Q28: =AUGUST!E34-R28-S28 -> 42375000 | S28: 19890000 | T28: =sum(Q28:S28) -> 62265000 | V28: 15480000 | Y28: =sum(V28:X28) -> 15480000 | AA28: 3548750 | AB28: 0 | AC28: 0 | AD28: =sum(AA28:AC28) -> 3548750 | AF28: =+AUGUST!H34-(AG28+AH28) -> 5880000 | AG28: 0 | AH28: 26500000 | AI28: =AF28+AG28+AH28+AJ28 -> 32380000 | AJ28: 0 | AK28: =20700000-AM28 -> 9400000 | AL28: - | AM28: 11300000 | AN28: =sum(AK28:AM28) -> 20700000 | AO28: - | AP28: 22900000 | AQ28: 0 | AR28: 0 | AS28: =sum(AP28:AR28) -> 22900000 | AU28: =SUM(B28,G28,L29,Q28,V28,AA28,AF28,AK28,AP28) -> 179113750 | AV28: =SUM(C28,H28,M29,R28,W28,AB28,AG28,AL28,AQ28) -> 0 | AW28: =SUM(D28,I28,N29,S28,X28,AC28,AH28,AM28,AR28) -> 96390000 | AX28: =E28+J28+O29+T28+Y28+AD28+AI28+AN28+AS28 -> 275503750
A29: 46261 | B29: =AUGUST!B35-D29-C29 -> 23510000 | D29: 9940000 | E29: =sum(B29:D29) -> 33450000 | F29: 8610000 | J29: =sum(G29:I29) -> 0 | L29: 14500000 | O29: =sum(L29:N29) -> 14500000 | Q29: =AUGUST!E35-R29-S29 -> 25110000 | S29: 15300000 | T29: =sum(Q29:S29) -> 40410000 | V29: 51190000 | X29: 16500000 | Y29: =sum(V29:X29) -> 67690000 | AA29: 3166250 | AD29: =sum(AA29:AC29) -> 3166250 | AF29: =+AUGUST!H35-(AG29+AH29) -> 28080000 | AG29: 0 | AH29: 9190000 | AI29: =AF29+AG29+AH29+AJ29 -> 37270000 | AJ29: 0 | AK29: 12200000 | AL29: - | AM29: - | AN29: =sum(AK29:AM29) -> 12200000 | AO29: - | AP29: 12600000 | AS29: =sum(AP29:AR29) -> 12600000 | AU29: =SUM(B29,G29,L29,Q29,V29,AA29,AF29,AK29,AP29) -> 170356250 | AV29: =SUM(C29,H29,M29,R29,W29,AB29,AG29,AL29,AQ29) -> 0 | AW29: =SUM(D29,I29,N29,S29,X29,AC29,AH29,AM29,AR29) -> 50930000 | AX29: =E29+J29+O29+T29+Y29+AD29+AI29+AN29+AS29 -> 221286250
A30: 46262 | B30: =AUGUST!B36-D30-C30 -> 24150000 | C30: 15480000 | E30: =sum(B30:D30) -> 39630000 | J30: =sum(G30:I30) -> 0 | L30: 10740000 | M30: 10600000 | N30: 7550000 | O30: =sum(L30:N30) -> 28890000 | Q30: =AUGUST!E36-R30-S30 -> 7400000 | T30: =sum(Q30:S30) -> 7400000 | V30: 25270000 | X30: 28170000 | Y30: =sum(V30:X30) -> 53440000 | AA30: 4938500 | AB30: =5057500+4165000 -> 9222500 | AD30: =sum(AA30:AC30) -> 14161000 | AF30: =+AUGUST!H36-(AG30+AH30) -> 29060000 | AG30: 0 | AH30: 0 | AI30: =AF30+AG30+AH30+AJ30 -> 29060000 | AJ30: 0 | AK30: 27000000 | AL30: - | AM30: 7400000 | AN30: =sum(AK30:AM30) -> 34400000 | AO30: - | AP30: 17600000 | AR30: 11600000 | AS30: =sum(AP30:AR30) -> 29200000 | AU30: =SUM(B30,G30,L30,Q30,V30,AA30,AF30,AK30,AP30) -> 146158500 | AV30: =SUM(C30,H30,M30,R30,W30,AB30,AG30,AL30,AQ30) -> 35302500 | AW30: =SUM(D30,I30,N30,S30,X30,AC30,AH30,AM30,AR30) -> 54720000 | AX30: =E30+J30+O30+T30+Y30+AD30+AI30+AN30+AS30 -> 236181000
A31: 46263 | B31: =AUGUST!B37-D31-C31 -> 70010000 | D31: 92860000 | E31: =sum(B31:D31) -> 162870000 | F31: 2460000 | J31: =sum(G31:I31) -> 0 | L31: 104855000 | N31: 17900000 | O31: =sum(L31:N31) -> 122755000 | Q31: =AUGUST!E37-R31-S31 -> 53330000 | S31: 24500000 | T31: =sum(Q31:S31) -> 77830000 | V31: 37350000 | X31: 31470000 | Y31: =sum(V31:X31) -> 68820000 | AA31: 3230000 | AD31: =sum(AA31:AC31) -> 3230000 | AF31: =+AUGUST!H37-(AG31+AH31) -> 21020000 | AG31: 0 | AH31: 0 | AI31: =AF31+AG31+AH31+AJ31 -> 21020000 | AJ31: 0 | AK31: 6550000 | AL31: - | AM31: - | AN31: =sum(AK31:AM31) -> 6550000 | AO31: - | AP31: 19450000 | AS31: =sum(AP31:AR31) -> 19450000 | AU31: =SUM(B31,G31,L31,Q31,V31,AA31,AF31,AK31,AP31) -> 315795000 | AV31: =SUM(C31,H31,M31,R31,W31,AB31,AG31,AL31,AQ31) -> 0 | AW31: =SUM(D31,I31,N31,S31,X31,AC31,AH31,AM31,AR31) -> 166730000 | AX31: =E31+J31+O31+T31+Y31+AD31+AI31+AN31+AS31 -> 482525000
A32: 46264 | B32: =AUGUST!B38-D32-C32 -> 21150000 | D32: 44050000 | E32: =sum(B32:D32) -> 65200000 | J32: =sum(G32:I32) -> 0 | L32: 63410000 | N32: 16005000 | O32: =sum(L32:N32) -> 79415000 | Q32: =AUGUST!E38-R32-S32 -> 33300000 | S32: 35400000 | T32: =sum(Q32:S32) -> 68700000 | V32: 46550000 | Y32: =sum(V32:X32) -> 46550000 | AA32: 32691500 | AB32: 4700500 | AD32: =sum(AA32:AC32) -> 37392000 | AF32: =+AUGUST!H38-(AG32+AH32) -> 62595000 | AG32: 0 | AH32: 30650000 | AI32: =AF32+AG32+AH32+AJ32 -> 93245000 | AJ32: 0 | AK32: 9250000 | AL32: - | AM32: - | AN32: =sum(AK32:AM32) -> 9250000 | AO32: - | AP32: 6300000 | AR32: 3930000 | AS32: =sum(AP32:AR32) -> 10230000 | AU32: =SUM(B32,G32,L32,Q32,V32,AA32,AF32,AK32,AP32) -> 275246500 | AV32: =SUM(C32,H32,M32,R32,W32,AB32,AG32,AL32,AQ32) -> 4700500 | AW32: =SUM(D32,I32,N32,S32,X32,AC32,AH32,AM32,AR32) -> 130035000 | AX32: =E32+J32+O32+T32+Y32+AD32+AI32+AN32+AS32 -> 409982000
A33: 46265 | B33: =AUGUST!B39-D33-C33 -> 0 | D33: 0 | E33: =sum(B33:D33) -> 0 | J33: =sum(G33:I33) -> 0 | L33: 20500000 | N33: 17000000 | O33: =SUM(L33:N33) -> 37500000 | Q33: =AUGUST!E39-R33-S33 -> 0 | S33: 7200000 | T33: =sum(Q33:S33) -> 7200000 | V33: =AUGUST!F39-X33 -> 47200000 | X33: 11500000 | Y33: =sum(V33:X33) -> 58700000 | AA33: 15240000 | AB33: 9413750 | AD33: =sum(AA33:AC33) -> 24653750 | AF33: =+AUGUST!H39-(AG33+AH33) -> 45650000 | AG33: 0 | AH33: 0 | AI33: =AF33+AG33+AH33+AJ33 -> 45650000 | AJ33: 0 | AK33: - | AL33: - | AM33: 5110000 | AN33: - | AO33: - | AS33: =sum(AP33:AR33) -> 0
A34: Total Month | B34: =SUM(B3:B33) -> 893404500 | C34: =SUM(C3:C32) -> 15480000 | D34: =SUM(D3:D33) -> 1398260000 | E34: =SUM(E3:E32) -> 2307144500 | F34: =SUM(F3:F32) -> 149700000 | G34: =SUM(G3:G32) -> 0 | H34: =SUM(H3:H32) -> 0 | I34: =SUM(I3:I32) -> 0 | J34: =SUM(J3:J32) -> 0 | K34: =SUM(K3:K32) -> 0 | L34: =SUM(L3:L33) -> 962400000 | M34: =SUM(M3:M33) -> 199875000 | N34: =SUM(N3:N33) -> 1000800000 | O34: =SUM(O3:O32) -> 2125575000 | P34: =SUM(P3:P32) -> 0 | Q34: =SUM(Q3:Q32) -> 1440415000 | R34: =SUM(R3:R32) -> 203000000 | S34: =SUM(S3:S33) -> 957180000 | T34: =SUM(T3:T33) -> 2600595000 | U34: =SUM(U3:U32) -> 0 | V34: =SUM(V3:V33) -> 854215000 | W34: =SUM(W3:W33) -> 35200000 | X34: =SUM(X3:X33) -> 937518000 | Y34: =SUM(Y3:Y32) -> 1768233000 | Z34: =SUM(Z3:Z32) -> 0 | AA34: =SUM(AA3:AA33) -> 367655750 | AB34: =SUM(AB3:AB33) -> 55811250 | AC34: =SUM(AC3:AC32) -> 69031250 | AD34: =SUM(AD3:AD33) -> 492498250 | AE34: =SUM(AE3:AE32) -> 0 | AF34: =SUM(AF3:AF33) -> 564280000 | AG34: =SUM(AG3:AG33) -> 65390000 | AH34: =SUM(AH3:AH33) -> 578125000 | AI34: =SUM(AI3:AI33) -> 1207795000 | AJ34: =SUM(AJ3:AJ33) -> 0 | AK34: =SUM(AK3:AK33) -> 607625000 | AL34: =SUM(AL3:AL33) -> 24060000 | AM34: =SUM(AM3:AM33) -> 419250000 | ... AR34: =SUM(AR3:AR33) -> 384410000 | AS34: =SUM(AS3:AS32) -> 1056145000 | AT34: =SUM(AT3:AT32) -> 0 | AU34: =SUM(AU3:AU32) -> 6225040250 | AV34: =SUM(AV3:AV32) -> 588052500 | AW34: =SUM(AW3:AW32) -> 5698364250 | AX34: =SUM(AX3:AX32) -> 12527957000 | AY34: =SUM(AY3:AY32) -> 0
A35: Sales Mix | B35: =B34/E34 -> 0.38723387 | C35: =C34/E34 -> 0.0067095927 | D35: =D34/E34 -> 0.60605653 | F35: =F34/E34 -> 0.064885403 | G35: =G34/J34 -> #DIV/0! | H35: =H34/J34 -> #DIV/0! | I35: =I34/J34 -> #DIV/0! | K35: =K34/J34 -> #DIV/0! | L35: =L34/O34 -> 0.4527716 | M35: =M34/O34 -> 0.094033379 | N35: =N34/O34 -> 0.4708373 | P35: =P34/O34 -> 0 | Q35: =Q34/T34 -> 0.55387902 | R35: =R34/T34 -> 0.07805906 | S35: =S34/T34 -> 0.36806192 | U35: =U34/T34 -> 0 | V35: =V34/Y34 -> 0.48308962 | W35: =W34/Y34 -> 0.019906879 | X35: =X34/Y34 -> 0.53020049 | Z35: =Z34/Y34 -> 0 | AA35: =AA34/AD34 -> 0.74651179 | AB35: =AB34/AD34 -> 0.11332274 | AC35: =AC34/AD34 -> 0.14016547 | AE35: =AE34/AD34 -> 0 | AF35: =AF34/AI34 -> 0.46719849 | AG35: =AG34/AI34 -> 0.054139982 | AH35: =AH34/AI34 -> 0.47866153 | AJ35: =AJ34/AI34 -> 0 | AK35: =AK34/AN34 -> 0.57197656 | AL35: =AL34/AN34 -> 0.022648436 | AM35: =AM34/AN34 -> 0.39465324 | AO35: =AO34/AN34 -> 0.01553197 | AP35: =AP34/AS34 -> 0.6275038 | AQ35: =AQ34/AS34 -> 0.0085215572 | AR35: =AR34/AS34 -> 0.36397464 | AT35: =AT34/AS34 -> 0 | AU35: =AU34/AX34 -> 0.49689189 | AV35: =AV34/AX34 -> 0.046939218 | AW35: =AW34/AX34 -> 0.45485184 | AY35: =AY34/AX34 -> 0
AU36: =sum(AU20:AU26) -> 1540432750 | AV36: =sum(AV20:AV26) -> 199790000 | AW36: =sum(AW20:AW26) -> 1383964500 | AX36: =sum(AX20:AX26) -> 3124187250
B38: =sum(B3:B8) -> 204409500 | C38: =sum(C3:C8) -> 0 | D38: =sum(D3:D8) -> 413235000 | E38: =sum(E3:E33) -> 2307144500 | G38: =sum(G3:G8) -> 0 | H38: =sum(H3:H8) -> 0 | I38: =sum(I3:I8) -> 0 | J38: =sum(J3:J8) -> 0 | L38: =sum(L3:L8) -> 200890000 | M38: =sum(M3:M8) -> 32300000 | N38: =sum(N3:N8) -> 327585000 | O38: =sum(O3:O8) -> 560775000 | Q38: =sum(Q3:Q8) -> 288405000 | R38: =sum(R3:R8) -> 93100000 | S38: =sum(S3:S8) -> 209020000 | T38: =sum(T3:T8) -> 590525000 | V38: =sum(V3:V8) -> 114025000 | W38: =sum(W3:W8) -> 0 | X38: =sum(X3:X8) -> 351698000 | Y38: =sum(Y3:Y8) -> 465723000 | AA38: =sum(AA3:AA8) -> 62931250 | AB38: =sum(AB3:AB8) -> 5355000 | AC38: =sum(AC3:AC8) -> 0 | AD38: =sum(AD3:AD8) -> 68286250 | AF38: =sum(AF3:AF8) -> 177545000 | AG38: =sum(AG3:AG8) -> 0 | AH38: =sum(AH3:AH8) -> 219585000 | AI38: =sum(AI3:AI8) -> 397130000 | AK38: =sum(AK3:AK8) -> 118840000 | AL38: =sum(AL3:AL8) -> 18610000 | AM38: =sum(AM3:AM8) -> 136870000 | AN38: =sum(AN3:AN8) -> 274320000 | AP38: =sum(AP3:AP8) -> 143330000 | AQ38: =sum(AQ3:AQ8) -> 0 | AR38: =sum(AR3:AR8) -> 33000000 | AS38: =sum(AS3:AS8) -> 176330000 | AU38: =sum(AU21:AU27) -> 1614760250 | AV38: =sum(AV21:AV27) -> 223814500 | AW38: =sum(AW21:AW27) -> 1532282500 | AX38: =sum(AX21:AX27) -> 3370857250
B39: =B38/E38 -> 0.088598482 | C39: =C38/E38 -> 0 | D39: =D38/E38 -> 0.17911102 | G39: =G38/J38 -> #DIV/0! | H39: =H38/J38 -> #DIV/0! | I39: =I38/J38 -> #DIV/0! | L39: =L38/O38 -> 0.35823637 | M39: =M38/O38 -> 0.057598859 | N39: =N38/O38 -> 0.58416477 | Q39: =Q38/T38 -> 0.48838745 | R39: =R38/T38 -> 0.15765632 | S39: =S38/T38 -> 0.35395623 | V39: =V38/Y38 -> 0.24483438 | W39: =W38/Y38 -> 0 | X39: =X38/Y38 -> 0.75516562 | AA39: =AA38/AD38 -> 0.92158011 | AB39: =AB38/AD38 -> 0.078419887 | AC39: =AC38/AD38 -> 0 | AF39: =AF38/AI38 -> 0.44707023 | AG39: =AG38/AI38 -> 0 | AH39: =AH38/AI38 -> 0.55292977 | AK39: =AK38/AN38 -> 0.43321668 | AL39: =AL38/AN38 -> 0.067840478 | AM39: =AM38/AN38 -> 0.49894284 | AP39: =AP38/AS38 -> 0.8128509 | AQ39: =AQ38/AS38 -> 0 | AR39: =AR38/AS38 -> 0.1871491 | AU39: =AU38/AX38 -> 0.47903549 | AV39: =AV38/AX38 -> 0.066396908 | AW39: =AW38/AX38 -> 0.4545676 | AX39: =sum(AX10:AX16) -> 2405466000 | AY39: =sum(AY10:AY16) -> 0
AU40: =AU39/AX39 -> 1.9914457e-10 | AV40: =AV39/AX39 -> 0 | AW40: =AW39/AX39 -> 1.8897278e-10

Sheet JULY
B1: Total Hari | C1: 31 | G1: Copy for Closing Sales ( hanya yang di dalam kotak)
B2: Tanggal | C2: 31 | D2: ( isi dengan tanggal pengisian terakhir) | G2: 46234
G3: Total Daily Sales: | H3: =M39 -> 389529000
G4: Total MTD: | H4: =+M40 -> 12640691820 | I4: =N40 -> 0.91655671
G5: Ekspol: | H5: =M41 -> 12640691820 | I5: =M42 -> 0.91655671
G6: TL: | H6: =N40 -> 0.91655671 | I6: =100%/$C$1*C2 -> 1
B7: Sales tolong di isi oleh masing2 toko
A8: Date | B8: PI | C8: PP | D8: PS | E8: SC | F8: TP | G8: VK | H8: PIM | I8: KOKAS | J8: Icon Bali | K8: TBOS | M8: Total TB | N8: Achievement
A9: 46204 | B9: 67890000 | C9: 0 | D9: 27025000 | E9: 60341500 | F9: 18630000 | G9: 8835000 | H9: 35248000 | I9: 22300000 | J9: 50261250 | K9: 7290000 | M9: =SUM(B9:L9) -> 297820750
A10: 46205 | B10: 26150000 | C10: 0 | D10: 64110000 | E10: 62962000 | F10: 26500000 | G10: 13985000 | H10: 19750000 | I10: 30549000 | J10: 83903500 | K10: 12650000 | M10: =SUM(B10:L10) -> 340559500
A11: 46206 | B11: 73707000 | C11: 0 | D11: 91060000 | E11: 40647250 | F11: 19425000 | G11: 20860000 | H11: 61698070 | I11: 78650000 | J11: 18700000 | K11: 8325000 | M11: =SUM(B11:L11) -> 413072320
A12: 46207 | B12: 70409500 | C12: 0 | D12: 43402000 | E12: 102726500 | F12: 113553500 | G12: 31335000 | H12: 43790000 | I12: 98636000 | J12: 48186000 | K12: 0 | M12: =SUM(B12:L12) -> 552038500
A13: 46208 | B13: 124267500 | C13: 0 | D13: 58525000 | E13: 156734250 | F13: 23407000 | G13: 46854250 | H13: 69355500 | I13: 42268000 | J13: 53470000 | K13: 0 | M13: =SUM(B13:L13) -> 574881500
A14: 46209 | B14: 44889500 | C14: 0 | D14: 33060000 | E14: 75708000 | F14: 14540000 | G14: 38815250 | H14: 23971500 | I14: 38237500 | J14: 15900000 | K14: 41786000 | M14: =SUM(B14:L14) -> 326907750
A15: 46210 | B15: 17380000 | C15: 0 | D15: 53150000 | E15: 64779000 | F15: 62538000 | G15: 26285500 | H15: 29891500 | I15: 47230000 | J15: 11300000 | K15: 0 | M15: =SUM(B15:L15) -> 312554000
A16: 46211 | B16: 31940000 | C16: 0 | D16: 21330000 | E16: 74343000 | F16: 55012000 | G16: 28682250 | H16: 2700000 | I16: 4200000 | J16: 8600000 | K16: 17874000 | M16: =SUM(B16:L16) -> 244681250
A17: 46212 | B17: 12750000 | C17: 0 | D17: 78134000 | E17: 61705000 | F17: 72659500 | G17: 4254250 | H17: =8040000+6580000 -> 14620000 | I17: 27570000 | J17: 15773000 | K17: 13392000 | M17: =SUM(B17:K17) -> 300857750
A18: 46213 | B18: 69172500 | C18: 0 | D18: 71390000 | E18: 106150000 | F18: =60120000+6120000 -> 66240000 | G18: 7883750 | H18: 13060000 | I18: 32902000 | J18: 24479500 | K18: 9120000 | M18: =SUM(B18:K18) -> 400397750
A19: 46214 | B19: 87857000 | C19: 0 | D19: 42873000 | E19: 62400000 | F19: 47313750 | G19: 60398750 | H19: 45052000 | I19: 50779250 | J19: 14280000 | K19: 0 | M19: =SUM(B19:K19) -> 410953750
A20: 46215 | B20: 120656000 | C20: 0 | D20: 122960500 | E20: 214818000 | F20: 35644000 | G20: 43306250 | H20: 38293000 | I20: 44210000 | J20: 46215750 | K20: 0 | M20: =SUM(B20:K20) -> 666103500
A21: 46216 | B21: 15700000 | C21: 0 | D21: 30370000 | E21: 43817250 | F21: 9500000 | G21: 10751250 | H21: 54793000 | I21: - | J21: 26550000 | K21: 6300000 | M21: =SUM(B21:K21) -> 197781500
A22: 46217 | B22: 95990000 | C22: 0 | D22: 84611000 | E22: 30712000 | F22: 130477500 | G22: 2380000 | H22: 37770000 | I22: 16578000 | J22: 0 | K22: 0 | M22: =SUM(B22:K22) -> 398518500
A23: 46218 | B23: 38821000 | C23: 0 | D23: 107101500 | E23: 78678500 | F23: 49202250 | G23: 7866750 | H23: 24390000 | I23: 41770000 | J23: 13270000 | K23: 20133000 | M23: =SUM(B23:K23) -> 381233000
A24: 46219 | B24: 40630000 | C24: 0 | D24: 121846000 | E24: 98053000 | F24: ='July Detail'!Y18 -> 73720000 | G24: 6342500 | H24: 31110000 | I24: 38835000 | J24: 31350000 | K24: 29772000 | M24: =SUM(B24:K24) -> 471658500
A25: 46220 | B25: 30040000 | C25: 0 | D25: 81410000 | E25: 67320000 | F25: ='July Detail'!Y19 -> 81070000 | G25: 1105000 | H25: 81185000 | I25: 15400000 | J25: 30665000 | K25: 18740000 | M25: =SUM(B25:K25) -> 406935000
A26: 46221 | B26: 58656000 | C26: 0 | D26: 80094000 | E26: 119175000 | F26: 83745000 | G26: 21081250 | H26: 36910000 | I26: 71300000 | J26: 22120000 | K26: 0 | M26: =SUM(B26:K26) -> 493081250
A27: 46222 | B27: 87047000 | C27: 0 | D27: 169630000 | E27: 103338000 | F27: 56816500 | G27: 23825250 | H27: 103860000 | I27: 39590000 | J27: 99207000 | K27: 0 | M27: =SUM(B27:K27) -> 683313750 | Q27: 41327000
A28: 46223 | B28: 34360000 | C28: 0 | D28: 53220000 | E28: 48545000 | F28: 14900000 | G28: 0 | H28: 39870000 | I28: 11600000 | J28: 22060000 | K28: 20274000 | M28: =SUM(B28:K28) -> 244829000
A29: 46224 | B29: 66995500 | C29: 0 | D29: 30500000 | E29: 46436000 | F29: 20820000 | G29: 9010000 | H29: 21800000 | I29: ='July Detail'!AN23 -> 26860000 | J29: 69950000 | K29: 12141000 | M29: =SUM(B29:K29) -> 304512500
A30: 46225 | B30: 83115000 | C30: 0 | D30: 52842500 | E30: 144935000 | F30: 16750000 | G30: 6237500 | H30: 35850000 | I30: 48120000 | J30: 6080000 | K30: 5200000 | M30: =SUM(B30:K30) -> 399130000
A31: 46226 | B31: 38065000 | C31: 0 | D31: 100196000 | E31: 48305000 | F31: 36980000 | G31: 14871000 | H31: 36390000 | I31: 12000000 | J31: 44690000 | K31: 8325000 | M31: =SUM(B31:K31) -> 339822000
A32: 46227 | B32: 54107000 | C32: 0 | D32: 91025000 | E32: 78400000 | F32: 48030000 | G32: 3825000 | H32: 78669000 | I32: 27080000 | J32: 24000000 | K32: 5607000 | M32: =SUM(B32:K32) -> 410743000
A33: 46228 | B33: 67860000 | C33: 0 | D33: 85345000 | E33: 140022000 | F33: 61550000 | G33: 36622750 | H33: 90900000 | I33: ='July Detail'!AN27 -> 17630000 | J33: 13900000 | K33: 0 | M33: =SUM(B33:K33) -> 513829750
A34: 46229 | B34: 57530000 | C34: 0 | D34: 119330000 | E34: 105430000 | F34: 37935000 | G34: 11517500 | H34: 37760000 | I34: 41050000 | J34: 21690000 | K34: 0 | M34: =SUM(B34:K34) -> 432242500 | Q34: 23220000
A35: 46230 | B35: 43485000 | C35: 0 | D35: 10580000 | E35: 38600000 | F35: 59670000 | G35: 12537500 | H35: 31960000 | I35: 0 | J35: 7850000 | K35: 5460000 | M35: =SUM(B35:K35) -> 210142500 | O35: 2850000 | P35: -2850000 | Q35: =P35-O35 -> -5700000
A36: 46231 | B36: 119720000 | C36: 0 | D36: 113720000 | E36: 84775000 | F36: 67565000 | G36: 8627500 | H36: 43530000 | I36: 27060000 | J36: 10300000 | K36: 33489000 | M36: =SUM(B36:K36) -> 508786500 | Q36: =Q34+Q35 -> 17520000
A37: 46232 | B37: 82762000 | C37: 0 | D37: 89160000 | E37: 30510000 | F37: 44970000 | G37: 0 | H37: 23500000 | I37: 104350000 | J37: 8600000 | K37: 28704000 | M37: =SUM(B37:K37) -> 412556000
A38: 46233 | B38: 96800000 | C38: 0 | D38: 79650000 | E38: 140561000 | F38: 79466000 | G38: 17169250 | H38: 66450000 | I38: 103230000 | J38: 0 | K38: 17893000 | M38: =SUM(B38:K38) -> 601219250
A39: 46234 | B39: 50145000 | C39: 0 | D39: 123615000 | E39: 71350000 | F39: 52120000 | G39: 7010000 | H39: 28290000 | I39: 13900000 | J39: 0 | K39: 43099000 | M39: =SUM(B39:K39) -> 389529000
A40: Total Month | B40: =SUM(B9:B39) -> 1908897500 | C40: =SUM(C9:C39) -> 0 | D40: =SUM(D9:D39) -> 2331265500 | E40: =SUM(E9:E39) -> 2602277250 | F40: =SUM(F9:F39) -> 1580750000 | G40: =SUM(G9:G39) -> 532275250 | H40: =SUM(H9:H39) -> 1302416570 | I40: =SUM(I9:I39) -> 1173884750 | ... M40: =SUM(M9:M39) -> 12640691820 | N40: =M40/M43 -> 0.91655671
A41: Expol | B41: =B40*$C$1/$C$2 -> 1908897500 | C41: =C40*$C$1/$C$2 -> 0 | D41: =D40*$C$1/$C$2 -> 2331265500 | E41: =E40*$C$1/$C$2 -> 2602277250 | F41: =F40*$C$1/$C$2 -> 1580750000 | G41: =G40/C2*C1 -> 532275250 | H41: =H40*$C$1/$C$2 -> 1302416570 | I41: =I40*$C$1/$C$2 -> 1173884750 | J41: =J40*$C$1/$C$2 -> 843351000 | K41: =K40*$C$1/$C$2 -> 365574000 | L41: =L40*$C$1/$C$2 -> 0 | M41: =SUM(B41:L41) -> 12640691820
A42: % Expol | B42: =B41/B43 -> 0.84839889 | C42: =C41/C43 -> #DIV/0! | D42: =D41/D43 -> 0.83828317 | E42: =E41/E43 -> 1.062154 | F42: =F41/F43 -> 0.71381802 | G42: =G41/G43 -> 1.0335442 | H42: =H41/H43 -> 0.84298807 | I42: =I41/I43 -> 0.94974494 | ... K42: =K41/K43 -> #DIV/0! | M42: =M41/M43 -> 0.91655671
A43: Target | B43: 2250000000 | C43: 0 | D43: 2781000000 | E43: 2450000000 | F43: 2214500000 | G43: 515000000 | H43: 1545000000 | I43: 1236000001 | J43: 800000000 | M43: =SUM(B43:L43) -> 13791500001 | N43: =M43*7% -> 9.65405e+08 | O43: =N43/13800 -> 69956.884
A44: Achievement | B44: =B40/B43 -> 0.84839889 | C44: =C40/C43 -> #DIV/0! | D44: =D40/D43 -> 0.83828317 | E44: =E40/E43 -> 1.062154 | F44: =F40/F43 -> 0.71381802 | G44: =G40/G43 -> 1.0335442 | H44: =H40/H43 -> 0.84298807 | I44: =I40/I43 -> 0.94974494 | ... M44: =M40/M43 -> 0.91655671 | N44: =7%*M43 -> 9.65405e+08 | O44: =N44/14300 -> 67510.839
A45: LY | B45: 1939727500 | C45: 1517147402 | D45: 2680638500 | E45: 1312874750 | F45: 2139343075 | G45: 1068698750 | H45: 1451934597 | I45: 1175483000 | J45: 0 | K45: 248935000 | M45: =SUM(B45:K45) -> 13534782574
A46: VS LY | B46: =B40/B45-1 -> -0.015893985 | C46: =C40/C45-1 -> -1 | D46: =D40/D45-1 -> -0.13033201 | E46: =E40/E45-1 -> 0.98212149 | F46: =F40/F45-1 -> -0.26110495 | G46: =G40/G45-1 -> -0.50194079 | H46: =H40/H45-1 -> -0.10297849 | I46: =I40/I45-1 -> -0.0013596539 | ... K46: =K40/K45-1 -> 0.46855203 | M46: =M41/M45-1 -> -0.066058745
K47: LFL | M47: =(SUM(B41,C41,D41,E41,F41,H41,K41)/(SUM(B45,C45,D45,E45,F45,H45,K45)))-1 -> -0.10623173
K48: LFL (excl PP, KK) | M48: =sum(B41,D41,E41,F41,H41)/sum(B45,D45,E45,F45,H45)-1 -> 0.02111271
A50: LF sales reporting | B50: Date | C50: Daily | D50: Total Month | E50: Expol | F50: Target | G50: LY | H50: TARGET MIN
A51: 25-31 of the month | B51: PI | C51: =B39 -> 50145000 | D51: =B40 -> 1908897500 | E51: =B41 -> 1908897500 | F51: =B43 -> 2250000000 | G51: 1744770250 | H51: 4500000 | I51: =D51/H51-1 -> 423.19944
B52: PS | C52: =D39 -> 123615000 | D52: =D40 -> 2331265500 | E52: =D41 -> 2331265500 | F52: =D43 -> 2781000000 | G52: 2565042500 | I52: =D52/H52-1 -> #DIV/0!
B53: PP | C53: =C39 -> 0 | D53: =C40 -> 0 | E53: =C41 -> 0 | F53: =C43 -> 0 | G53: 1188124000 | I53: =D53/H53-1 -> #DIV/0!
B54: SC | C54: =E39 -> 71350000 | D54: =E40 -> 2602277250 | E54: =E41 -> 2602277250 | F54: =E43 -> 2450000000 | G54: 2066520500 | I54: =D54/H54-1 -> #DIV/0!
B55: TP | C55: =F39 -> 52120000 | D55: =F40 -> 1580750000 | E55: =F41 -> 1580750000 | F55: =F43 -> 2214500000 | G55: 2428966552 | I55: =D55/H55-1 -> #DIV/0!
B56: PIM | C56: =H39 -> 28290000 | D56: =H40 -> 1302416570 | E56: =H41 -> 1302416570 | F56: =H43 -> 1545000000 | G56: 1177789000 | I56: =D56/H56-1 -> #DIV/0!
B57: KOKAS | C57: =I39 -> 13900000 | D57: =I40 -> 1173884750 | E57: =I41 -> 1173884750 | F57: 1133000000 | G57: 1489698250 | I57: =D57/H57-1 -> #DIV/0!
B58: TBOS | C58: =K39 -> 43099000 | D58: =K40 -> 365574000 | E58: =K41 -> 365574000 | F58: =K43 | G58: 172805000 | I58: =D58/H58-1 -> #DIV/0!
B59: VK | C59: =G39 -> 7010000 | D59: =G40+L40 -> 532275250 | E59: =G41+L41 -> 532275250 | F59: =G43 -> 515000000 | G59: 409561250 | I59: =D59/H59-1 -> #DIV/0!
B60: ICON BALI | C60: =J39 -> 0 | D60: =J40 -> 843351000 | E60: =J41 -> 843351000 | F60: =J43 -> 800000000 | I60: =D60/H60-1 -> #DIV/0!
B61: FF JPO | C61: 0 | D61: =L40 -> 0
B62: TOTAL TB | C62: =sum(C51:C60) -> 389529000 | D62: =sum(D51:D60) -> 12640691820 | E62: =M41 -> 12640691820 | F62: =SUM(F51:F60) -> 13688500000 | G62: =SUM(G51:G60) -> 13243277302 | I62: =D62/H62-1 -> #DIV/0!

Sheet July Detail
A1: Date | B1: PI | G1: PP | L1: PS | Q1: SC | V1: TP | AA1: VK | AF1: PIM | AK1: KOKAS | AP1: Icon Bali | AU1: Total
B2: Walk In | C2: CT | D2: Appointments | E2: Total Store | F2: Social Media | G2: Walk In | H2: CT | I2: Appointments | J2: Total Store | K2: Social Media | L2: Walk In | M2: CT | N2: Appointments | O2: Total Store | P2: Social Media | Q2: Walk In | R2: CT | S2: Appointments | T2: Total Store | U2: Social Media | V2: Walk In | W2: CT | X2: Appointments | Y2: Total Store | Z2: Social Media | AA2: Walk In | AB2: CT | AC2: Appointments | AD2: Total Store | AE2: Social Media | AF2: Walk In | AG2: CT | AH2: Appointments | AI2: Total Store | AJ2: Social Media | AK2: Walk In | AL2: CT | AM2: Appointments | AN2: Total Store | AO2: Social Media | AP2: Walk In | AQ2: CT | AR2: Appointments | AS2: Total Store | AT2: Social Media | AU2: Walk In | AV2: CT | AW2: Appointments | AX2: Total Store | AY2: Social Media
A3: 46204 | B3: =JULY!B9-C3-D3 -> 20780000 | D3: 47110000 | E3: =sum(B3:D3) -> 67890000 | J3: =sum(G3:I3) -> 0 | L3: 12825000 | M3: 14200000 | O3: =sum(L3:N3) -> 27025000 | P3: 0 | Q3: =JULY!E9-R3-S3 -> 50755500 | S3: 9586000 | T3: =sum(Q3:S3) -> 60341500 | V3: 18630000 | Y3: =sum(V3:X3) -> 18630000 | AA3: 3375000 | AB3: 5460000 | AD3: =sum(AA3:AC3) -> 8835000 | AF3: =JULY!H9-(AG3+AH3) -> 12100000 | AG3: 0 | AH3: 23148000 | AI3: =AF3+AG3+AH3+AJ3 -> 35248000 | AJ3: 0 | AK3: 14200000 | AL3: 8100000 | AM3: 0 | AN3: =sum(AK3:AM3) -> 22300000 | AO3: 0 | AP3: 35761250 | AQ3: 0 | AR3: 14500000 | AS3: =sum(AP3:AR3) -> 50261250 | AU3: =SUM(B3,G3,L3,Q3,V3,AA3,AF3,AK3,AP3) -> 168426750 | AV3: =SUM(C3,H3,M3,R3,W3,AB3,AG3,AL3,AQ3) -> 27760000 | AW3: =SUM(D3,I3,N3,S3,X3,AC3,AH3,AM3,AR3) -> 94344000 | AX3: =E3+J3+O3+T3+Y3+AD3+AI3+AN3+AS3 -> 290530750
A4: 46205 | B4: =JULY!B10-C4-D4 -> 12940000 | D4: 13210000 | E4: =sum(B4:D4) -> 26150000 | J4: =sum(G4:I4) -> 0 | L4: 17430000 | M4: 0 | N4: 46680000 | O4: =sum(L4:N4) -> 64110000 | Q4: =JULY!E10-R4-S4 -> 29490000 | S4: 33472000 | T4: =sum(Q4:S4) -> 62962000 | V4: 21950000 | X4: 4550000 | Y4: =sum(V4:X4) -> 26500000 | AA4: 13985000 | AD4: =sum(AA4:AC4) -> 13985000 | AF4: =JULY!H10-(AG4+AH4) -> 19750000 | AG4: 0 | AH4: 0 | AI4: =AF4+AG4+AH4+AJ4 -> 19750000 | AJ4: 0 | AK4: 30549000 | AL4: - | AM4: - | AN4: =sum(AK4:AM4) -> 30549000 | AO4: - | AP4: 83903500 | AS4: =sum(AP4:AR4) -> 83903500 | AU4: =SUM(B4,G4,L4,Q4,V4,AA4,AF4,AK4,AP4) -> 229997500 | AV4: =SUM(C4,H4,M4,R4,W4,AB4,AG4,AL4,AQ4) -> 0 | AW4: =SUM(D4,I4,N4,S4,X4,AC4,AH4,AM4,AR4) -> 97912000 | AX4: =E4+J4+O4+T4+Y4+AD4+AI4+AN4+AS4 -> 327909500
A5: 46206 | B5: =JULY!B11-C5-D5 -> 44372000 | D5: 29335000 | E5: =sum(B5:D5) -> 73707000 | F5: =6400000+24372000 -> 30772000 | J5: =sum(G5:I5) -> 0 | L5: 28635000 | M5: 32445000 | N5: 29980000 | O5: =sum(L5:N5) -> 91060000 | Q5: =JULY!E11-R5-S5 -> 20977250 | R5: 7350000 | S5: 12320000 | T5: =sum(Q5:S5) -> 40647250 | V5: 19425000 | Y5: =sum(V5:X5) -> 19425000 | AA5: 14250000 | AB5: 6610000 | AD5: =sum(AA5:AC5) -> 20860000 | AF5: =JULY!H11-(AG5+AH5) -> 11720000 | AG5: 0 | AH5: 49978070 | AI5: =AF5+AG5+AH5+AJ5 -> 61698070 | AJ5: 0 | AK5: 59750000 | AL5: - | AM5: 18900000 | AN5: =sum(AK5:AM5) -> 78650000 | AO5: - | AP5: 5400000 | AQ5: 13300000 | AR5: 0 | AS5: =sum(AP5:AR5) -> 18700000 | AU5: =SUM(B5,G5,L5,Q5,V5,AA5,AF5,AK5,AP5) -> 204529250 | AV5: =SUM(C5,H5,M5,R5,W5,AB5,AG5,AL5,AQ5) -> 59705000 | AW5: =SUM(D5,I5,N5,S5,X5,AC5,AH5,AM5,AR5) -> 140513070 | AX5: =E5+J5+O5+T5+Y5+AD5+AI5+AN5+AS5 -> 404747320
A6: 46207 | B6: =JULY!B12-C6-D6 -> 30008000 | D6: 40401500 | E6: =sum(B6:D6) -> 70409500 | J6: =sum(G6:I6) -> 0 | L6: 29092000 | N6: 14310000 | O6: =sum(L6:N6) -> 43402000 | Q6: =JULY!E12-R6-S6 -> 54011500 | S6: 48715000 | T6: =sum(Q6:S6) -> 102726500 | V6: 38850000 | X6: 74703500 | Y6: =sum(V6:X6) -> 113553500 | AA6: 26735000 | AB6: 4600000 | AD6: =sum(AA6:AC6) -> 31335000 | AF6: =JULY!H12-(AG6+AH6) -> 5320000 | AG6: 0 | AH6: 38470000 | AI6: =AF6+AG6+AH6+AJ6 -> 43790000 | AJ6: 0 | AK6: 91796000 | AL6: - | AM6: 6840000 | AN6: =sum(AK6:AM6) -> 98636000 | AO6: - | AP6: 21018000 | AR6: 27168000 | AS6: =sum(AP6:AR6) -> 48186000 | AU6: =SUM(B6,G6,L6,Q6,V6,AA6,AF6,AK6,AP6) -> 296830500 | AV6: =SUM(C6,H6,M6,R6,W6,AB6,AG6,AL6,AQ6) -> 4600000 | AW6: =SUM(D6,I6,N6,S6,X6,AC6,AH6,AM6,AR6) -> 250608000 | AX6: =E6+J6+O6+T6+Y6+AD6+AI6+AN6+AS6 -> 552038500
A7: 46208 | B7: =JULY!B13-C7-D7 -> 115367500 | D7: 8900000 | E7: =sum(B7:D7) -> 124267500 | J7: =sum(G7:I7) -> 0 | L7: 39135000 | M7: 6640000 | N7: 12750000 | O7: =sum(L7:N7) -> 58525000 | Q7: =JULY!E13-R7-S7 -> 68641000 | S7: 88093250 | T7: =sum(Q7:S7) -> 156734250 | V7: 23407000 | Y7: =sum(V7:X7) -> 23407000 | AA7: 45069250 | AB7: 1785000 | AD7: =sum(AA7:AC7) -> 46854250 | AF7: =JULY!H13-(AG7+AH7) -> 42604000 | AG7: 0 | AH7: =11600000+11101500+4050000 -> 26751500 | AI7: =AF7+AG7+AH7+AJ7 -> 69355500 | AJ7: 0 | AK7: 42268000 | AL7: - | AM7: - | AN7: =sum(AK7:AM7) -> 42268000 | AO7: - | AP7: 53470000 | AS7: =sum(AP7:AR7) -> 53470000 | AT7: 0 | AU7: =SUM(B7,G7,L7,Q7,V7,AA7,AF7,AK7,AP7) -> 429961750 | AV7: =SUM(C7,H7,M7,R7,W7,AB7,AG7,AL7,AQ7) -> 8425000 | AW7: =SUM(D7,I7,N7,S7,X7,AC7,AH7,AM7,AR7) -> 136494750 | AX7: =E7+J7+O7+T7+Y7+AD7+AI7+AN7+AS7 -> 574881500
A8: 46209 | B8: =JULY!B14-C8-D8 -> 15492000 | D8: 29397500 | E8: =sum(B8:D8) -> 44889500 | J8: =sum(G8:I8) -> 0 | L8: 3200000 | M8: 9940000 | N8: 19920000 | O8: =sum(L8:N8) -> 33060000 | Q8: =JULY!E14-R8-S8 -> 37623000 | S8: 38085000 | T8: =sum(Q8:S8) -> 75708000 | V8: 14540000 | Y8: =sum(V8:X8) -> 14540000 | AA8: 7404000 | AB8: 31411250 | AD8: =sum(AA8:AC8) -> 38815250 | AF8: =JULY!H14-(AG8+AH8) -> 12271500 | AG8: 0 | AH8: 11700000 | AI8: =AF8+AG8+AH8+AJ8 -> 23971500 | AJ8: 0 | AK8: 38237500 | AL8: - | AM8: - | AN8: =sum(AK8:AM8) -> 38237500 | AO8: - | AP8: 15900000 | AS8: =sum(AP8:AR8) -> 15900000 | AU8: =SUM(B8,G8,L8,Q8,V8,AA8,AF8,AK8,AP8) -> 144668000 | AV8: =SUM(C8,H8,M8,R8,W8,AB8,AG8,AL8,AQ8) -> 41351250 | AW8: =SUM(D8,I8,N8,S8,X8,AC8,AH8,AM8,AR8) -> 99102500 | AX8: =E8+J8+O8+T8+Y8+AD8+AI8+AN8+AS8 -> 285121750
A9: 46210 | B9: =JULY!B15-C9-D9 -> 3593000 | D9: 13787000 | E9: =sum(B9:D9) -> 17380000 | J9: =sum(G9:I9) -> 0 | L9: 11340000 | M9: 20300000 | N9: 21510000 | O9: =sum(L9:N9) -> 53150000 | P9: 5800000 | Q9: =JULY!E15-R9-S9 -> 47427000 | S9: 17352000 | T9: =sum(Q9:S9) -> 64779000 | V9: 51238000 | X9: 11300000 | Y9: =sum(V9:X9) -> 62538000 | AA9: 12473000 | AB9: 13812500 | AD9: =sum(AA9:AC9) -> 26285500 | AF9: =JULY!H15-(AG9+AH9) -> 5800000 | AG9: 0 | AH9: 24091500 | AI9: =AF9+AG9+AH9+AJ9 -> 29891500 | AJ9: 0 | AK9: 9250000 | AL9: 0 | AM9: 22180000 | AN9: =sum(AK9:AM9)+AO9 -> 47230000 | AO9: 15800000 | AP9: 11300000 | AS9: =sum(AP9:AR9) -> 11300000 | AT9: 0 | AU9: =SUM(B9,G9,L9,Q9,V9,AA9,AF9,AK9,AP9) -> 152421000 | AV9: =SUM(C9,H9,M9,R9,W9,AB9,AG9,AL9,AQ9) -> 34112500 | AW9: =SUM(D9,I9,N9,S9,X9,AC9,AH9,AM9,AR9) -> 110220500 | AX9: =E9+J9+O9+T9+Y9+AD9+AI9+AN9+AS9 -> 312554000
A10: 46211 | B10: =JULY!B16-C10-D10 -> 4900000 | D10: 27040000 | E10: =sum(B10:D10) -> 31940000 | J10: =sum(G10:I10) -> 0 | L10: 9270000 | N10: 12060000 | O10: =sum(L10:N10) -> 21330000 | Q10: =JULY!E16-R10-S10 -> 41370000 | S10: 32973000 | T10: =sum(Q10:S10) -> 74343000 | V10: =JULY!F16-X10 -> 21550000 | X10: 33462000 | Y10: =sum(V10:X10) -> 55012000 | AA10: 11168000 | AB10: 17514250 | AD10: =sum(AA10:AC10) -> 28682250 | AF10: =JULY!H16-(AG10+AH10) -> 2700000 | AG10: 0 | AH10: 0 | AI10: =AF10+AG10+AH10+AJ10 -> 2700000 | AJ10: 0 | AK10: 0 | AL10: 0 | AM10: 4200000 | AN10: =sum(AK10:AM10) -> 4200000 | AO10: 0 | AP10: 8600000 | AS10: =sum(AP10:AR10) -> 8600000 | AU10: =SUM(B10,G10,L10,Q10,V10,AA10,AF10,AK10,AP10) -> 99558000 | AV10: =SUM(C10,H10,M10,R10,W10,AB10,AG10,AL10,AQ10) -> 17514250 | AW10: =SUM(D10,I10,N10,S10,X10,AC10,AH10,AM10,AR10) -> 109735000 | AX10: =E10+J10+O10+T10+Y10+AD10+AI10+AN10+AS10 -> 226807250
A11: 46212 | B11: =JULY!B17-C11-D11 -> 2200000 | D11: 10550000 | E11: =sum(B11:D11) -> 12750000 | J11: =sum(G11:I11) -> 0 | L11: 7750000 | M11: 49955000 | N11: 20429000 | O11: =sum(L11:N11) -> 78134000 | P11: 6000000 | Q11: =JULY!E17-R11-S11 -> 26760000 | S11: 34945000 | T11: =sum(Q11:S11) -> 61705000 | V11: 15560000 | X11: 57099500 | Y11: =sum(V11:X11) -> 72659500 | AA11: 2443750 | AB11: 1810500 | AD11: =sum(AA11:AC11) -> 4254250 | AF11: =JULY!H17-(AG11+AH11) -> 8040000 | AG11: 0 | AH11: 6580000 | AI11: =AF11+AG11+AH11+AJ11 -> 14620000 | AJ11: 0 | AK11: 20170000 | AL11: 0 | AM11: 7400000 | AN11: =sum(AK11:AM11) -> 27570000 | AO11: 0 | AP11: 15773000 | AS11: =sum(AP11:AR11) -> 15773000 | AU11: =SUM(B11,G11,L11,Q11,V11,AA11,AF11,AK11,AP11) -> 98696750 | AV11: =SUM(C11,H11,M11,R11,W11,AB11,AG11,AL11,AQ11) -> 51765500 | AW11: =SUM(D11,I11,N11,S11,X11,AC11,AH11,AM11,AR11) -> 137003500 | AX11: =E11+J11+O11+T11+Y11+AD11+AI11+AN11+AS11 -> 287465750
A12: 46213 | B12: =JULY!B18-C12-D12 -> 42920000 | D12: 26252500 | E12: =sum(B12:D12) -> 69172500 | J12: =sum(G12:I12) -> 0 | L12: 16660000 | N12: 54730000 | O12: =sum(L12:N12) -> 71390000 | Q12: =JULY!E18-R12-S12 -> 55270000 | R12: 5700000 | S12: 45180000 | T12: =sum(Q12:S12) -> 106150000 | V12: =JULY!F18-X12 -> 22230000 | X12: 44010000 | Y12: =sum(V12:X12) -> 66240000 | AA12: 2635000 | AB12: 5248750 | AD12: =sum(AA12:AC12) -> 7883750 | AF12: =JULY!H18-(AG12+AH12) -> 13060000 | AG12: 0 | AH12: 0 | AI12: =AF12+AG12+AH12+AJ12 -> 13060000 | AJ12: 0 | AK12: 0 | AL12: 0 | AM12: 32902000 | AN12: =sum(AK12:AM12) -> 32902000 | AO12: 0 | AP12: 18400000 | AQ12: 6079500 | AS12: =sum(AP12:AR12) -> 24479500 | AU12: =SUM(B12,G12,L12,Q12,V12,AA12,AF12,AK12,AP12) -> 171175000 | AV12: =SUM(C12,H12,M12,R12,W12,AB12,AG12,AL12,AQ12) -> 17028250 | AW12: =SUM(D12,I12,N12,S12,X12,AC12,AH12,AM12,AR12) -> 203074500 | AX12: =E12+J12+O12+T12+Y12+AD12+AI12+AN12+AS12 -> 391277750
A13: 46214 | B13: =JULY!B19-C13-D13 -> 44268500 | D13: 43588500 | E13: =sum(B13:D13) -> 87857000 | F13: 6080000 | J13: =sum(G13:I13) -> 0 | L13: 12570000 | M13: 21503000 | N13: 8800000 | O13: =sum(L13:N13) -> 42873000 | Q13: =JULY!E19-R13-S13 -> 41000000 | S13: 21400000 | T13: =sum(Q13:S13) -> 62400000 | V13: 47313750 | Y13: =sum(V13:X13) -> 47313750 | AA13: 46750000 | AC13: 13648750 | AD13: =sum(AA13:AC13) -> 60398750 | AF13: =JULY!H19-(AG13+AH13) -> 9100000 | AG13: 0 | AH13: 35952000 | AI13: =AF13+AG13+AH13+AJ13 -> 45052000 | AJ13: 0 | AK13: 40259250 | AL13: - | AM13: =4720000+5800000 -> 10520000 | AN13: =sum(AK13:AM13) -> 50779250 | AO13: - | AP13: 7800000 | AQ13: 0 | AR13: 6480000 | AS13: =sum(AP13:AR13) -> 14280000 | AU13: =SUM(B13,G13,L13,Q13,V13,AA13,AF13,AK13,AP13) -> 249061500 | AV13: =SUM(C13,H13,M13,R13,W13,AB13,AG13,AL13,AQ13) -> 21503000 | AW13: =SUM(D13,I13,N13,S13,X13,AC13,AH13,AM13,AR13) -> 140389250 | AX13: =E13+J13+O13+T13+Y13+AD13+AI13+AN13+AS13 -> 410953750
A14: 46215 | B14: =JULY!B20-C14-D14 -> 91706000 | D14: 28950000 | E14: =sum(B14:D14) -> 120656000 | J14: =sum(G14:I14) -> 0 | L14: 48940000 | N14: 74020500 | O14: =sum(L14:N14) -> 122960500 | P14: 1680000 | Q14: =JULY!E20-R14-S14 -> 83043000 | R14: 40875000 | S14: 90900000 | T14: =sum(Q14:S14) -> 214818000 | V14: =JULY!F20-X14 -> 22744000 | X14: 12900000 | Y14: =sum(V14:X14) -> 35644000 | AA14: 22350000 | AC14: 20956250 | AD14: =sum(AA14:AC14) -> 43306250 | AF14: =JULY!H20-(AG14+AH14) -> 16353000 | AG14: 0 | AH14: 21940000 | AI14: =AF14+AG14+AH14+AJ14 -> 38293000 | AJ14: 0 | AK14: 44210000 | AL14: - | AM14: - | AN14: =sum(AK14:AM14) -> 44210000 | AO14: - | AP14: 46215750 | AS14: =sum(AP14:AR14) -> 46215750 | AU14: =SUM(B14,G14,L14,Q14,V14,AA14,AF14,AK14,AP14) -> 375561750 | AV14: =SUM(C14,H14,M14,R14,W14,AB14,AG14,AL14,AQ14) -> 40875000 | AW14: =SUM(D14,I14,N14,S14,X14,AC14,AH14,AM14,AR14) -> 249666750 | AX14: =E14+J14+O14+T14+Y14+AD14+AI14+AN14+AS14 -> 666103500
A15: 46216 | B15: =JULY!B21-C15-D15 -> 7900000 | D15: 7800000 | E15: =sum(B15:D15) -> 15700000 | F15: 7900000 | J15: =sum(G15:I15) -> 0 | L15: 4050000 | M15: 16220000 | N15: 10100000 | O15: =sum(L15:N15) -> 30370000 | Q15: =JULY!E21-R15-S15 -> 25207250 | S15: 18610000 | T15: =sum(Q15:S15) -> 43817250 | V15: 6000000 | X15: 3500000 | Y15: =sum(V15:X15) -> 9500000 | AA15: 6947500 | AB15: 3803750 | AD15: =sum(AA15:AC15) -> 10751250 | AF15: =JULY!H21-(AG15+AH15) -> 11600000 | AG15: 0 | AH15: 43193000 | AI15: =AF15+AG15+AH15+AJ15 -> 54793000 | AJ15: 0 | AK15: - | AL15: - | AM15: - | AN15: =sum(AK15:AM15) -> 0 | AO15: - | AP15: 26550000 | AS15: =sum(AP15:AR15) -> 26550000 | AU15: =SUM(B15,G15,L15,Q15,V15,AA15,AF15,AK15,AP15) -> 88254750 | AV15: =SUM(C15,H15,M15,R15,W15,AB15,AG15,AL15,AQ15) -> 20023750 | AW15: =SUM(D15,I15,N15,S15,X15,AC15,AH15,AM15,AR15) -> 83203000 | AX15: =E15+J15+O15+T15+Y15+AD15+AI15+AN15+AS15 -> 191481500
A16: 46217 | B16: =JULY!B22-C16-D16 -> 58190000 | D16: 37800000 | E16: =sum(B16:D16) -> 95990000 | F16: 2640000 | J16: =sum(G16:I16) -> 0 | L16: 53337000 | N16: 31274000 | O16: =sum(L16:N16) -> 84611000 | Q16: =JULY!E22-R16-S16 -> 12280000 | S16: 18432000 | T16: =sum(Q16:S16) -> 30712000 | V16: 66812500 | X16: 63665000 | Y16: =sum(V16:X16) -> 130477500 | AB16: 2380000 | AD16: =sum(AA16:AC16) -> 2380000 | AF16: =JULY!H22-(AG16+AH16) -> 35110000 | AG16: 0 | AH16: 2660000 | AI16: =AF16+AG16+AH16+AJ16 -> 37770000 | AJ16: 0 | AK16: 16578000 | AL16: - | AM16: - | AN16: =sum(AK16:AM16) -> 16578000 | AO16: - | AP16: 0 | AQ16: 0 | AR16: 0 | AS16: =sum(AP16:AR16) -> 0 | AU16: =SUM(B16,G16,L16,Q16,V16,AA16,AF16,AK16,AP16) -> 242307500 | AV16: =SUM(C16,H16,M16,R16,W16,AB16,AG16,AL16,AQ16) -> 2380000 | AW16: =SUM(D16,I16,N16,S16,X16,AC16,AH16,AM16,AR16) -> 153831000 | AX16: =E16+J16+O16+T16+Y16+AD16+AI16+AN16+AS16 -> 398518500
A17: 46218 | B17: =JULY!B23-C17-D17 -> 20641000 | D17: 18180000 | E17: =sum(B17:D17) -> 38821000 | J17: =sum(G17:I17) -> 0 | L17: 26280000 | M17: 13100000 | N17: 67721500 | O17: =sum(L17:N17) -> 107101500 | Q17: =JULY!E23-R17-S17 -> 49338500 | R17: 18900000 | S17: 10440000 | T17: =sum(Q17:S17) -> 78678500 | V17: 46102250 | X17: 3100000 | Y17: =sum(V17:X17) -> 49202250 | AC17: 7866750 | AD17: =sum(AA17:AC17) -> 7866750 | AF17: =JULY!H23-(AG17+AH17) -> 24390000 | AG17: 0 | AH17: 0 | AI17: =AF17+AG17+AH17+AJ17 -> 24390000 | AJ17: 0 | AK17: 0 | AL17: 0 | AM17: =25420000+16350000 -> 41770000 | AN17: =sum(AK17:AM17) -> 41770000 | AO17: - | AP17: 13270000 | AS17: =sum(AP17:AR17) -> 13270000 | AU17: =SUM(B17,G17,L17,Q17,V17,AA17,AF17,AK17,AP17) -> 180021750 | AV17: =SUM(C17,H17,M17,R17,W17,AB17,AG17,AL17,AQ17) -> 32000000 | AW17: =SUM(D17,I17,N17,S17,X17,AC17,AH17,AM17,AR17) -> 149078250 | AX17: =E17+J17+O17+T17+Y17+AD17+AI17+AN17+AS17 -> 361100000
A18: 46219 | B18: =JULY!B24-C18-D18 -> 10330000 | D18: 30300000 | E18: =sum(B18:D18) -> 40630000 | J18: =sum(G18:I18) -> 0 | L18: 48046000 | M18: 7300000 | N18: 66500000 | O18: =sum(L18:N18) -> 121846000 | P18: 9700000 | Q18: =JULY!E24-R18-S18 -> 58023000 | R18: 40030000 | T18: =sum(Q18:S18) -> 98053000 | V18: 24400000 | X18: 49320000 | Y18: =sum(V18:X18) -> 73720000 | AA18: 6342500 | AD18: =sum(AA18:AC18) -> 6342500 | AF18: =JULY!H24-(AG18+AH18) -> 12880000 | AG18: 0 | AH18: =8960000+9270000 -> 18230000 | AI18: =AF18+AG18+AH18+AJ18 -> 31110000 | AJ18: 0 | AK18: 38835000 | AL18: - | AM18: - | AN18: =sum(AK18:AM18) -> 38835000 | AO18: - | AP18: 31350000 | AS18: =sum(AP18:AR18) -> 31350000 | AU18: =SUM(B18,G18,L18,Q18,V18,AA18,AF18,AK18,AP18) -> 230206500 | AV18: =SUM(C18,H18,M18,R18,W18,AB18,AG18,AL18,AQ18) -> 47330000 | AW18: =SUM(D18,I18,N18,S18,X18,AC18,AH18,AM18,AR18) -> 164350000 | AX18: =E18+J18+O18+T18+Y18+AD18+AI18+AN18+AS18 -> 441886500
A19: 46220 | B19: =JULY!B25-C19-D19 -> 0 | D19: 30040000 | E19: =sum(B19:D19) -> 30040000 | F19: 9940000 | J19: =sum(G19:I19) -> 0 | L19: 35040000 | M19: 30470000 | N19: 15900000 | O19: =sum(L19:N19) -> 81410000 | Q19: =JULY!E25-R19-S19 -> 31420000 | R19: 15100000 | S19: 20800000 | T19: =sum(Q19:S19) -> 67320000 | V19: 27630000 | X19: 53440000 | Y19: =sum(V19:X19) -> 81070000 | AC19: 1105000 | AD19: =sum(AA19:AC19) -> 1105000 | AF19: =JULY!H25-(AG19+AH19) -> 44370000 | AG19: 0 | AH19: 36815000 | AI19: =AF19+AG19+AH19+AJ19 -> 81185000 | AJ19: 0 | AK19: 15400000 | AL19: - | AM19: - | AN19: =sum(AK19:AM19) -> 15400000 | AO19: - | AP19: 13205000 | AR19: 17460000 | AS19: =sum(AP19:AR19) -> 30665000 | AU19: =SUM(B19,G19,L19,Q19,V19,AA19,AF19,AK19,AP19) -> 167065000 | AV19: =SUM(C19,H19,M19,R19,W19,AB19,AG19,AL19,AQ19) -> 45570000 | AW19: =SUM(D19,I19,N19,S19,X19,AC19,AH19,AM19,AR19) -> 175560000 | AX19: =E19+J19+O19+T19+Y19+AD19+AI19+AN19+AS19 -> 388195000
A20: 46221 | B20: =JULY!B26-C20-D20 -> 40350000 | D20: 18306000 | E20: =sum(B20:D20) -> 58656000 | J20: =sum(G20:I20) -> 0 | L20: 26114000 | M20: 44280000 | N20: 9700000 | O20: =sum(L20:N20) -> 80094000 | Q20: =JULY!E26-R20-S20 -> 81180000 | S20: 37995000 | T20: =sum(Q20:S20) -> 119175000 | V20: =JULY!F26-X20 -> 40885000 | X20: 42860000 | Y20: =sum(V20:X20) -> 83745000 | AA20: 21081250 | AD20: =sum(AA20:AC20) -> 21081250 | AF20: =JULY!H26-(AG20+AH20) -> 11760000 | AG20: 0 | AH20: 25150000 | AI20: =AF20+AG20+AH20+AJ20 -> 36910000 | AJ20: 0 | AK20: =71300000-AM20 -> 43100000 | AL20: - | AM20: =22200000+6000000 -> 28200000 | AN20: =sum(AK20:AM20) -> 71300000 | AO20: - | AP20: 14520000 | AR20: 7600000 | AS20: =sum(AP20:AR20) -> 22120000 | AU20: =SUM(B20,G20,L20,Q20,V20,AA20,AF20,AK20,AP20) -> 278990250 | AV20: =SUM(C20,H20,M20,R20,W20,AB20,AG20,AL20,AQ20) -> 44280000 | AW20: =SUM(D20,I20,N20,S20,X20,AC20,AH20,AM20,AR20) -> 169811000 | AX20: =E20+J20+O20+T20+Y20+AD20+AI20+AN20+AS20 -> 493081250
A21: 46222 | B21: =JULY!B27-C21-D21 -> 53667000 | D21: 33380000 | E21: =sum(B21:D21) -> 87047000 | J21: =sum(G21:I21) -> 0 | L21: 101830000 | M21: 0 | N21: 67800000 | O21: =sum(L21:N21) -> 169630000 | P21: 20300000 | Q21: =JULY!E27-R21-S21 -> 60248000 | R21: 4380000 | S21: 38710000 | T21: =sum(Q21:S21) -> 103338000 | V21: 31400000 | X21: 25416500 | Y21: =sum(V21:X21) -> 56816500 | AA21: 23825250 | AD21: =sum(AA21:AC21) -> 23825250 | AF21: =JULY!H27-(AG21+AH21) -> 65620000 | AG21: 0 | AH21: 38240000 | AI21: =AF21+AG21+AH21+AJ21 -> 103860000 | AJ21: 0 | AK21: =39590000-AM21 -> 19060000 | AM21: =14450000+6080000 -> 20530000 | AN21: =sum(AK21:AM21) -> 39590000 | AO21: - | AP21: 88362000 | AR21: 10845000 | AS21: =sum(AP21:AR21) -> 99207000 | AU21: =SUM(B21,G21,L21,Q21,V21,AA21,AF21,AK21,AP21) -> 444012250 | AV21: =SUM(C21,H21,M21,R21,W21,AB21,AG21,AL21,AQ21) -> 4380000 | AW21: =SUM(D21,I21,N21,S21,X21,AC21,AH21,AM21,AR21) -> 234921500 | AX21: =E21+J21+O21+T21+Y21+AD21+AI21+AN21+AS21 -> 683313750
A22: 46223 | B22: =JULY!B28-C22-D22 -> 0 | D22: 34360000 | E22: =sum(B22:D22) -> 34360000 | J22: =sum(G22:I22) -> 0 | L22: 14700000 | M22: 24320000 | N22: 14200000 | O22: =sum(L22:N22) -> 53220000 | Q22: =JULY!E28-R22-S22 -> 15160000 | S22: 33385000 | T22: =sum(Q22:S22) -> 48545000 | X22: 14900000 | Y22: =sum(V22:X22) -> 14900000 | AA22: 0 | AB22: 0 | AC22: 0 | AD22: =sum(AA22:AC22) -> 0 | AF22: =JULY!H28-(AG22+AH22) -> 32570000 | AG22: 0 | AH22: 7300000 | AI22: =AF22+AG22+AH22+AJ22 -> 39870000 | AJ22: 0 | AK22: 11600000 | AL22: 0 | AM22: 0 | AN22: =sum(AK22:AM22) -> 11600000 | AO22: - | AP22: 22060000 | AQ22: 0 | AR22: 0 | AS22: =sum(AP22:AR22) -> 22060000 | AU22: =SUM(B22,G22,L22,Q22,V22,AA22,AF22,AK22,AP22) -> 96090000 | AV22: =SUM(C22,H22,M22,R22,W22,AB22,AG22,AL22,AQ22) -> 24320000 | AW22: =SUM(D22,I22,N22,S22,X22,AC22,AH22,AM22,AR22) -> 104145000 | AX22: =E22+J22+O22+T22+Y22+AD22+AI22+AN22+AS22 -> 224555000
A23: 46224 | B23: =JULY!B29-C23-D23 -> 42800000 | D23: 24195500 | E23: =sum(B23:D23) -> 66995500 | J23: =sum(G23:I23) -> 0 | L23: 11800000 | M23: 11440000 | N23: 7260000 | O23: =sum(L23:N23) -> 30500000 | P23: 7260000 | Q23: =JULY!E29-R23-S23 -> 14350000 | S23: 32086000 | T23: =sum(Q23:S23) -> 46436000 | X23: 20820000 | Y23: =sum(V23:X23) -> 20820000 | AA23: 6098750 | AC23: 2911250 | AD23: =sum(AA23:AC23) -> 9010000 | AF23: =JULY!H29-(AG23+AH23) -> 7600000 | AG23: 0 | AH23: 14200000 | AI23: =AF23+AG23+AH23+AJ23 -> 21800000 | AJ23: 0 | AK23: =5460000 -> 5460000 | AL23: 0 | AM23: =11300000+10100000 -> 21400000 | AN23: =sum(AK23:AM23) -> 26860000 | AO23: - | AP23: 59650000 | AQ23: 0 | AR23: 10300000 | AS23: =sum(AP23:AR23) -> 69950000 | AU23: =SUM(B23,G23,L23,Q23,V23,AA23,AF23,AK23,AP23) -> 147758750 | AV23: =SUM(C23,H23,M23,R23,W23,AB23,AG23,AL23,AQ23) -> 11440000 | AW23: =SUM(D23,I23,N23,S23,X23,AC23,AH23,AM23,AR23) -> 133172750 | AX23: =E23+J23+O23+T23+Y23+AD23+AI23+AN23+AS23 -> 292371500
A24: 46225 | B24: =JULY!B30-C24-D24 -> 64215000 | D24: 18900000 | E24: =sum(B24:D24) -> 83115000 | J24: =sum(G24:I24) -> 0 | L24: 14400000 | M24: 10350500 | N24: 28092000 | O24: =sum(L24:N24) -> 52842500 | Q24: =JULY!E30-R24-S24 -> 50040000 | R24: 32625000 | S24: 62270000 | T24: =sum(Q24:S24) -> 144935000 | X24: 16750000 | Y24: =sum(V24:X24) -> 16750000 | AA24: 6237500 | AD24: =sum(AA24:AC24) -> 6237500 | AF24: =JULY!H30-(AG24+AH24) -> 19500000 | AG24: 0 | AH24: 16350000 | AI24: =AF24+AG24+AH24+AJ24 -> 35850000 | AJ24: 0 | AK24: =48120000-AM24 -> 37680000 | AL24: - | AM24: 10440000 | AN24: =sum(AK24:AM24) -> 48120000 | AO24: - | AR24: 6080000 | AS24: =sum(AP24:AR24) -> 6080000 | AU24: =SUM(B24,G24,L24,Q24,V24,AA24,AF24,AK24,AP24) -> 192072500 | AV24: =SUM(C24,H24,M24,R24,W24,AB24,AG24,AL24,AQ24) -> 42975500 | AW24: =SUM(D24,I24,N24,S24,X24,AC24,AH24,AM24,AR24) -> 158882000 | AX24: =E24+J24+O24+T24+Y24+AD24+AI24+AN24+AS24 -> 393930000
A25: 46226 | B25: =JULY!B31-C25-D25 -> 23265000 | D25: 14800000 | E25: =sum(B25:D25) -> 38065000 | F25: 9700000 | J25: =sum(G25:I25) -> 0 | L25: 72386000 | M25: 0 | N25: 27810000 | O25: =sum(L25:N25) -> 100196000 | P25: 10300000 | Q25: =JULY!E31-R25-S25 -> 26955000 | R25: 5450000 | S25: 15900000 | T25: =sum(Q25:S25) -> 48305000 | V25: 22400000 | X25: 14580000 | Y25: =sum(V25:X25) -> 36980000 | AA25: 11505000 | AB25: 3366000 | AD25: =sum(AA25:AC25) -> 14871000 | AF25: =JULY!H31-(AG25+AH25) -> 31170000 | AG25: 0 | AH25: 5220000 | AI25: =AF25+AG25+AH25+AJ25 -> 36390000 | AJ25: 0 | AK25: 12000000 | AL25: - | AM25: - | AN25: =sum(AK25:AM25) -> 12000000 | AO25: - | AP25: 44690000 | AS25: =sum(AP25:AR25) -> 44690000 | AU25: =SUM(B25,G25,L25,Q25,V25,AA25,AF25,AK25,AP25) -> 244371000 | AV25: =SUM(C25,H25,M25,R25,W25,AB25,AG25,AL25,AQ25) -> 8816000 | AW25: =SUM(D25,I25,N25,S25,X25,AC25,AH25,AM25,AR25) -> 78310000 | AX25: =E25+J25+O25+T25+Y25+AD25+AI25+AN25+AS25 -> 331497000
A26: 46227 | B26: =JULY!B32-C26-D26 -> 28750000 | D26: 25357000 | E26: =sum(B26:D26) -> 54107000 | J26: =sum(G26:I26) -> 0 | L26: 49095000 | M26: 0 | N26: 41930000 | O26: =sum(L26:N26) -> 91025000 | Q26: =JULY!E32-R26-S26 -> 32350000 | R26: 4550000 | S26: 41500000 | T26: =sum(Q26:S26) -> 78400000 | V26: 15900000 | X26: 32130000 | Y26: =sum(V26:X26) -> 48030000 | AA26: 3825000 | AD26: =sum(AA26:AC26) -> 3825000 | AF26: =JULY!H32-(AG26+AH26) -> 63869000 | AG26: 0 | AH26: 14800000 | AI26: =AF26+AG26+AH26+AJ26 -> 78669000 | AJ26: 0 | AK26: 5800000 | AL26: 0 | AM26: 21280000 | AN26: =sum(AK26:AM26) -> 27080000 | AO26: - | AP26: 14200000 | AQ26: 9800000 | AS26: =sum(AP26:AR26) -> 24000000 | AU26: =SUM(B26,G26,L27,Q26,V26,AA26,AF26,AK26,AP26) -> 222619000 | AV26: =SUM(C26,H26,M27,R26,W26,AB26,AG26,AL26,AQ26) -> 14350000 | AW26: =SUM(D26,I26,N27,S26,X26,AC26,AH26,AM26,AR26) -> 162487000 | AX26: =E26+J26+O27+T26+Y26+AD26+AI26+AN26+AS26 -> 399456000
A27: 46228 | B27: =JULY!B33-C27-D27 -> 15800000 | D27: 52060000 | E27: =sum(B27:D27) -> 67860000 | J27: =sum(G27:I27) -> 0 | L27: 57925000 | M27: 0 | N27: 27420000 | O27: =sum(L27:N27) -> 85345000 | Q27: =JULY!E33-R27-S27 -> 79631000 | R27: 8400000 | S27: 51991000 | T27: =sum(Q27:S27) -> 140022000 | X27: 61550000 | Y27: =sum(V27:X27) -> 61550000 | AA27: 26327750 | AB27: 2975000 | AC27: 7320000 | AD27: =sum(AA27:AC27) -> 36622750 | AF27: =JULY!H33-(AG27+AH27) -> 64900000 | AG27: 0 | AH27: 26000000 | AI27: =AF27+AG27+AH27+AJ27 -> 90900000 | AJ27: 0 | AK27: 9590000 | AL27: 0 | AM27: 8040000 | AN27: =sum(AK27:AM27) -> 17630000 | AO27: - | AP27: 13900000 | AS27: =sum(AP27:AR27) -> 13900000 | AU27: =SUM(B27,G27,L28,Q27,V27,AA27,AF27,AK27,AP27) -> 268528750 | AV27: =SUM(C27,H27,M28,R27,W27,AB27,AG27,AL27,AQ27) -> 11375000 | AW27: =SUM(D27,I27,N28,S27,X27,AC27,AH27,AM27,AR27) -> 267911000 | AX27: =E27+J27+O28+T27+Y27+AD27+AI27+AN27+AS27 -> 547814750
A28: 46229 | B28: =JULY!B34-C28-D28 -> 24650000 | D28: 32880000 | E28: =sum(B28:D28) -> 57530000 | J28: =sum(G28:I28) -> 0 | L28: 58380000 | M28: 0 | N28: 60950000 | O28: =sum(L28:N28) -> 119330000 | P28: 14500000 | Q28: =JULY!E34-R28-S28 -> 72910000 | S28: 32520000 | T28: =sum(Q28:S28) -> 105430000 | V28: 22950000 | X28: 14985000 | Y28: =sum(V28:X28) -> 37935000 | AA28: 11517500 | AD28: =sum(AA28:AC28) -> 11517500 | AF28: =JULY!H34-(AG28+AH28) -> 37760000 | AG28: 0 | AH28: 0 | AI28: =AF28+AG28+AH28+AJ28 -> 37760000 | AJ28: 0 | AK28: 26850000 | AL28: 0 | AM28: 14200000 | AN28: =sum(AK28:AM28) -> 41050000 | AO28: - | AP28: 20800000 | AQ28: 0 | AR28: 890000 | AS28: =sum(AP28:AR28) -> 21690000 | AU28: =SUM(B28,G28,L29,Q28,V28,AA28,AF28,AK28,AP28) -> 217437500 | AV28: =SUM(C28,H28,M29,R28,W28,AB28,AG28,AL28,AQ28) -> 6200000 | AW28: =SUM(D28,I28,N29,S28,X28,AC28,AH28,AM28,AR28) -> 99855000 | AX28: =E28+J28+O29+T28+Y28+AD28+AI28+AN28+AS28 -> 323492500
A29: 46230 | B29: =JULY!B35-C29-D29 -> 34875000 | D29: 8610000 | E29: =sum(B29:D29) -> 43485000 | F29: =6750000+8610000 -> 15360000 | J29: =sum(G29:I29) -> 0 | L29: 0 | M29: 6200000 | N29: 4380000 | O29: =sum(L29:N29) -> 10580000 | Q29: =JULY!E35-R29-S29 -> 22800000 | S29: 15800000 | T29: =sum(Q29:S29) -> 38600000 | V29: 13400000 | X29: 46270000 | Y29: =sum(V29:X29) -> 59670000 | AA29: 10136250 | AB29: 2401250 | AD29: =sum(AA29:AC29) -> 12537500 | AF29: =JULY!H35-(AG29+AH29) -> 24060000 | AG29: 0 | AH29: 7900000 | AI29: =AF29+AG29+AH29+AJ29 -> 31960000 | AJ29: 0 | AK29: - | AL29: - | AM29: - | AN29: =sum(AK29:AM29) -> 0 | AO29: - | AP29: 7850000 | AS29: =sum(AP29:AR29) -> 7850000 | AU29: =SUM(B29,G29,L29,Q29,V29,AA29,AF29,AK29,AP29) -> 113121250 | AV29: =SUM(C29,H29,M29,R29,W29,AB29,AG29,AL29,AQ29) -> 8601250 | AW29: =SUM(D29,I29,N29,S29,X29,AC29,AH29,AM29,AR29) -> 82960000 | AX29: =E29+J29+O29+T29+Y29+AD29+AI29+AN29+AS29 -> 204682500
A30: 46231 | B30: =JULY!B36-C30-D30 -> 71840000 | D30: 47880000 | E30: =sum(B30:D30) -> 119720000 | J30: =sum(G30:I30) -> 0 | L30: 11970000 | M30: 79000000 | N30: 22750000 | O30: =sum(L30:N30) -> 113720000 | P30: 16500000 | Q30: =JULY!E36-R30-S30 -> 12025000 | R30: 16500000 | S30: 56250000 | T30: =sum(Q30:S30) -> 84775000 | V30: =JULY!F36-X30 -> 22950000 | X30: 44615000 | Y30: =sum(V30:X30) -> 67565000 | AA30: 5567500 | AB30: 3060000 | AD30: =sum(AA30:AC30) -> 8627500 | AF30: =JULY!H36-(AG30+AH30) -> 27030000 | AG30: 0 | AH30: 16500000 | AI30: =AF30+AG30+AH30+AJ30 -> 43530000 | AJ30: 0 | AK30: 10560000 | AL30: 16500000 | AM30: - | AN30: =sum(AK30:AM30) -> 27060000 | AO30: - | AP30: 10300000 | AS30: =sum(AP30:AR30) -> 10300000 | AU30: =SUM(B30,G30,L30,Q30,V30,AA30,AF30,AK30,AP30) -> 172242500 | AV30: =SUM(C30,H30,M30,R30,W30,AB30,AG30,AL30,AQ30) -> 115060000 | AW30: =SUM(D30,I30,N30,S30,X30,AC30,AH30,AM30,AR30) -> 187995000 | AX30: =E30+J30+O30+T30+Y30+AD30+AI30+AN30+AS30 -> 475297500
A31: 46232 | B31: =JULY!B37-C31-D31 -> 52362000 | D31: 30400000 | E31: =sum(B31:D31) -> 82762000 | F31: 16500000 | J31: =sum(G31:I31) -> 0 | L31: 19520000 | M31: 26440000 | N31: 43200000 | O31: =sum(L31:N31) -> 89160000 | Q31: =JULY!E37-R31-S31 -> 30510000 | T31: =sum(Q31:S31) -> 30510000 | V31: 11970000 | X31: 33000000 | Y31: =sum(V31:X31) -> 44970000 | AA31: - | AB31: - | AC31: - | AD31: =sum(AA31:AC31) -> 0 | AF31: =JULY!H37-(AG31+AH31) -> 7000000 | AG31: 0 | AH31: 16500000 | AI31: =AF31+AG31+AH31+AJ31 -> 23500000 | AJ31: 0 | AK31: =104350000-AL31 -> 78600000 | AL31: =16500000+9250000 -> 25750000 | AM31: - | AN31: =sum(AK31:AM31) -> 104350000 | AO31: - | AP31: 8600000 | AS31: =sum(AP31:AR31) -> 8600000 | AU31: =SUM(B31,G31,L31,Q31,V31,AA31,AF31,AK31,AP31) -> 208562000 | AV31: =SUM(C31,H31,M31,R31,W31,AB31,AG31,AL31,AQ31) -> 52190000 | AW31: =SUM(D31,I31,N31,S31,X31,AC31,AH31,AM31,AR31) -> 123100000 | AX31: =E31+J31+O31+T31+Y31+AD31+AI31+AN31+AS31 -> 383852000
A32: 46233 | B32: =JULY!B38-C32-D32 -> 44660000 | D32: 52140000 | E32: =sum(B32:D32) -> 96800000 | J32: =sum(G32:I32) -> 0 | L32: 22100000 | N32: 57550000 | O32: =sum(L32:N32) -> 79650000 | Q32: =JULY!E38-R32-S32 -> 62675000 | S32: 77886000 | T32: =sum(Q32:S32) -> 140561000 | V32: =JULY!F38-X32 -> 38221000 | X32: 41245000 | Y32: =sum(V32:X32) -> 79466000 | AA32: 13998750 | AB32: 3170500 | AD32: =sum(AA32:AC32) -> 17169250 | AF32: =JULY!H38-(AG32+AH32) -> 13900000 | AG32: 0 | AH32: 52550000 | AI32: =AF32+AG32+AH32+AJ32 -> 66450000 | AJ32: 0 | AK32: =103230000-AM32 -> 94690000 | AL32: - | AM32: 8540000 | AN32: =sum(AK32:AM32) -> 103230000 | AO32: - | AP32: 0 | AQ32: 0 | AR32: 0 | AS32: 0 | AU32: =SUM(B32,G32,L32,Q32,V32,AA32,AF32,AK32,AP32) -> 290244750 | AV32: =SUM(C32,H32,M32,R32,W32,AB32,AG32,AL32,AQ32) -> 3170500 | AW32: =SUM(D32,I32,N32,S32,X32,AC32,AH32,AM32,AR32) -> 289911000 | AX32: =E32+J32+O32+T32+Y32+AD32+AI32+AN32+AS32 -> 583326250
A33: 46234 | B33: =JULY!B39-C33-D33 -> 50145000 | E33: =sum(B33:D33) -> 50145000 | J33: =sum(G33:I33) -> 0 | L33: 65825000 | N33: 57790000 | O33: =SUM(L33:N33) -> 123615000 | P33: 14500000 | Q33: =JULY!E39-R33-S33 -> 47250000 | S33: 24100000 | T33: =sum(Q33:S33) -> 71350000 | X33: 52120000 | Y33: =sum(V33:X33) -> 52120000 | AA33: 7010000 | AD33: =sum(AA33:AC33) -> 7010000 | AF33: =JULY!H39-(AG33+AH33) -> 28290000 | AG33: 0 | AH33: 0 | AI33: =AF33+AG33+AH33+AJ33 -> 28290000 | AJ33: 0 | AK33: 13900000 | AL33: - | AM33: - | AN33: =sum(AK33:AM33) -> 13900000 | AO33: - | AP33: 0 | AQ33: 0 | AR33: 0 | AS33: =sum(AP33:AR33) -> 0
A34: Total Month | B34: =SUM(B3:B33) -> 1072987000 | C34: =SUM(C3:C32) -> 0 | D34: =SUM(D3:D32) -> 835910500 | E34: =SUM(E3:E32) -> 1858752500 | F34: =SUM(F3:F32) -> 98892000 | G34: =SUM(G3:G32) -> 0 | H34: =SUM(H3:H32) -> 0 | I34: =SUM(I3:I32) -> 0 | J34: =SUM(J3:J32) -> 0 | K34: =SUM(K3:K32) -> 0 | L34: =SUM(L3:L33) -> 929645000 | M34: =SUM(M3:M33) -> 424103500 | N34: =SUM(N3:N33) -> 977517000 | O34: =SUM(O3:O33) -> 2331265500 | P34: =SUM(P3:P33) -> 106540000 | Q34: =SUM(Q3:Q32) -> 1293471000 | R34: =SUM(R3:R32) -> 199860000 | S34: =SUM(S3:S33) -> 1061696250 | T34: =SUM(T3:T33) -> 2602277250 | U34: =SUM(U3:U32) -> 0 | V34: =SUM(V3:V33) -> 708458500 | W34: =SUM(W3:W33) -> 0 | X34: =SUM(X3:X33) -> 872291500 | Y34: =SUM(Y3:Y32) -> 1528630000 | Z34: =SUM(Z3:Z32) -> 0 | AA34: =SUM(AA3:AA33) -> 369058500 | AB34: =SUM(AB3:AB33) -> 109408750 | AC34: =SUM(AC3:AC32) -> 53808000 | AD34: =SUM(AD3:AD33) -> 532275250 | AE34: =SUM(AE3:AE32) -> 0 | AF34: =SUM(AF3:AF32) -> 693907500 | AG34: =SUM(AG3:AG33) -> 0 | AH34: =SUM(AH3:AH33) -> 580219070 | AI34: =SUM(AI3:AI32) -> 1274126570 | AJ34: =SUM(AJ3:AJ33) -> 0 | AK34: =SUM(AK3:AK33) -> 830392750 | AL34: =SUM(AL3:AL33) -> 50350000 | AM34: =SUM(AM3:AM33) -> 277342000 | AN34: =SUM(AN3:AN33) -> 1173884750 | AO34: =SUM(AO3:AO33) -> 15800000 | AP34: =SUM(AP3:AP33) -> 712848500 | AQ34: =SUM(AQ3:AQ33) -> 29179500 | AR34: =SUM(AR3:AR33) -> 101323000 | AS34: =SUM(AS3:AS32) -> 843351000 | AT34: =SUM(AT3:AT32) -> 0 | AU34: =SUM(AU3:AU32) -> 6424793750 | AV34: =SUM(AV3:AV32) -> 819101750 | AW34: =SUM(AW3:AW32) -> 4588547320 | AX34: =SUM(AX3:AX32) -> 11848242820 | AY34: =SUM(AY3:AY32) -> 0
A35: Sales Mix | B35: =B34/E34 -> 0.5772619 | C35: =C34/E34 -> 0 | D35: =D34/E34 -> 0.44971587 | F35: =F34/E34 -> 0.053203425 | G35: =G34/J34 -> #DIV/0! | H35: =H34/J34 -> #DIV/0! | I35: =I34/J34 -> #DIV/0! | K35: =K34/J34 -> #DIV/0! | L35: =L34/O34 -> 0.39877268 | M35: =M34/O34 -> 0.18191986 | N35: =N34/O34 -> 0.41930745 | P35: =P34/O34 -> 0.0457005 | Q35: =Q34/T34 -> 0.49705349 | R35: =R34/T34 -> 0.076801963 | S35: =S34/T34 -> 0.40798737 | U35: =U34/T34 -> 0 | V35: =V34/Y34 -> 0.46345976 | W35: =W34/Y34 -> 0 | X35: =X34/Y34 -> 0.57063613 | Z35: =Z34/Y34 -> 0 | AA35: =AA34/AD34 -> 0.69336025 | AB35: =AB34/AD34 -> 0.2055492 | AC35: =AC34/AD34 -> 0.10109055 | AE35: =AE34/AD34 -> 0 | AF35: =AF34/AI34 -> 0.54461426 | AG35: =AG34/AI34 -> 0 | AH35: =AH34/AI34 -> 0.45538574 | AJ35: =AJ34/AI34 -> 0 | AK35: =AK34/AN34 -> 0.70738865 | AL35: =AL34/AN34 -> 0.042891775 | AM35: =AM34/AN34 -> 0.23625999 | AO35: =AO34/AN34 -> 0.013459584 | AP35: =AP34/AS34 -> 0.84525719 | AQ35: =AQ34/AS34 -> 0.034599473 | AR35: =AR34/AS34 -> 0.12014333 | AT35: =AT34/AS34 -> 0 | AU35: =AU34/AX34 -> 0.5422571 | AV35: =AV34/AX34 -> 0.069132762 | AW35: =AW34/AX34 -> 0.38727661 | AY35: =AY34/AX34 -> 0
AU36: =sum(AU20:AU26) -> 1625913750 | AV36: =sum(AV20:AV26) -> 150561500 | AW36: =sum(AW20:AW26) -> 1041729250 | AX36: =sum(AX20:AX26) -> 2818204500
B38: =sum(B3:B8) -> 238959500 | C38: =sum(C3:C8) -> 0 | D38: =sum(D3:D8) -> 168354000 | E38: =sum(E3:E33) -> 1908897500 | G38: =sum(G3:G8) -> 0 | H38: =sum(H3:H8) -> 0 | I38: =sum(I3:I8) -> 0 | J38: =sum(J3:J8) -> 0 | L38: =sum(L3:L8) -> 130317000 | M38: =sum(M3:M8) -> 63225000 | N38: =sum(N3:N8) -> 123640000 | O38: =sum(O3:O8) -> 317182000 | Q38: =sum(Q3:Q8) -> 261498250 | R38: =sum(R3:R8) -> 7350000 | S38: =sum(S3:S8) -> 230271250 | T38: =sum(T3:T8) -> 499119500 | V38: =sum(V3:V8) -> 136802000 | W38: =sum(W3:W8) -> 0 | X38: =sum(X3:X8) -> 79253500 | Y38: =sum(Y3:Y8) -> 216055500 | AA38: =sum(AA3:AA8) -> 110818250 | AB38: =sum(AB3:AB8) -> 49866250 | AC38: =sum(AC3:AC8) -> 0 | AD38: =sum(AD3:AD8) -> 160684500 | AF38: =sum(AF3:AF8) -> 103765500 | AG38: =sum(AG3:AG8) -> 0 | AH38: =sum(AH3:AH8) -> 150047570 | AI38: =sum(AI3:AI8) -> 253813070 | AK38: =sum(AK3:AK8) -> 276800500 | AL38: =sum(AL3:AL8) -> 8100000 | AM38: =sum(AM3:AM8) -> 25740000 | AN38: =sum(AN3:AN8) -> 310640500 | AP38: =sum(AP3:AP8) -> 215452750 | AQ38: =sum(AQ3:AQ8) -> 13300000 | AR38: =sum(AR3:AR8) -> 41668000 | AS38: =sum(AS3:AS8) -> 270420750 | AU38: =sum(AU21:AU27) -> 1615452250 | AV38: =sum(AV21:AV27) -> 117656500 | AW38: =sum(AW21:AW27) -> 1139829250 | AX38: =sum(AX21:AX27) -> 2872938000
B39: =B38/E38 -> 0.12518194 | C39: =C38/E38 -> 0 | D39: =D38/E38 -> 0.088194363 | G39: =G38/J38 -> #DIV/0! | H39: =H38/J38 -> #DIV/0! | I39: =I38/J38 -> #DIV/0! | L39: =L38/O38 -> 0.41085875 | M39: =M38/O38 -> 0.19933351 | N39: =N38/O38 -> 0.38980774 | Q39: =Q38/T38 -> 0.52391912 | R39: =R38/T38 -> 0.014725932 | S39: =S38/T38 -> 0.46135495 | V39: =V38/Y38 -> 0.6331799 | W39: =W38/Y38 -> 0 | X39: =X38/Y38 -> 0.3668201 | AA39: =AA38/AD38 -> 0.6896636 | AB39: =AB38/AD38 -> 0.3103364 | AC39: =AC38/AD38 -> 0 | AF39: =AF38/AI38 -> 0.40882646 | AG39: =AG38/AI38 -> 0 | AH39: =AH38/AI38 -> 0.59117354 | AK39: =AK38/AN38 -> 0.89106379 | AL39: =AL38/AN38 -> 0.026075158 | AM39: =AM38/AN38 -> 0.082861056 | AP39: =AP38/AS38 -> 0.79673157 | AQ39: =AQ38/AS38 -> 0.049182616 | AR39: =AR38/AS38 -> 0.15408581 | AU39: =AU38/AX38 -> 0.56229973 | AV39: =AV38/AX38 -> 0.040953372 | AW39: =AW38/AX38 -> 0.3967469 | AX39: =sum(AX10:AX16) -> 2572608000 | AY39: =sum(AY10:AY16) -> 0
AU40: =AU39/AX39 -> 2.1857186e-10 | AV40: =AV39/AX39 -> 0 | AW40: =AW39/AX39 -> 1.5421973e-10

Sheet JUNI
B1: Total Hari | C1: 30 | G1: Copy for Closing Sales ( hanya yang di dalam kotak)
B2: Tanggal | C2: 30 | D2: ( isi dengan tanggal pengisian terakhir) | G2: =TODAY() -> 46308
G3: Total Daily Sales: | H3: =M38 -> 521999500
G4: Total MTD: | H4: =+M40 -> 12321369275 | I4: =N40 -> 0.95337119
G5: Ekspol: | H5: =M41 -> 12321369275 | I5: =M42 -> 0.95337119
G6: TL: | H6: =N40 -> 0.95337119 | I6: =100%/$C$1*C2 -> 1
B7: Sales tolong di isi oleh masing2 toko
A8: Date | B8: PI | C8: PP | D8: PS | E8: SC | F8: TP | G8: VK | H8: PIM | I8: KOKAS | J8: Icon Bali | K8: TBOS | M8: Total TB | N8: Achievement
A9: 46174 | B9: 18510000 | C9: 13660000 | D9: 54805000 | E9: 98062000 | F9: 50571000 | G9: 9850000 | H9: 58748500 | I9: 21320000 | J9: 99302000 | K9: 0 | M9: =SUM(B9:L9) -> 424828500
A10: 46175 | B10: 24956500 | C10: 16435000 | D10: 55606000 | E10: 65056000 | F10: 48240000 | G10: 6200000 | H10: 22700000 | I10: 6200000 | J10: 17600000 | K10: 0 | M10: =SUM(B10:L10) -> 262993500
A11: 46176 | B11: 135030000 | C11: 15920000 | D11: 184677000 | E11: 206475000 | F11: 38480000 | G11: 1200000 | H11: 38300000 | I11: 23900000 | J11: 25800000 | K11: 16000000 | M11: =SUM(B11:L11) -> 685782000
A12: 46177 | B12: 16000000 | C12: 0 | D12: 31700000 | E12: 60437500 | F12: 54834000 | G12: 24000000 | H12: 67400000 | I12: 54220000 | J12: 16540000 | K12: 14100000 | M12: =SUM(B12:L12) -> 339231500
A13: 46178 | B13: 75294000 | C13: 0 | D13: 81486000 | E13: 60160000 | F13: 53929500 | G13: 124660000 | H13: 13185000 | I13: 11700000 | J13: 20279000 | K13: 43520000 | M13: =SUM(B13:L13) -> 484213500
A14: 46179 | B14: 85629000 | C14: 0 | D14: 77613500 | E14: 42889500 | F14: 127689000 | G14: 30600000 | H14: 49950000 | I14: 51655000 | J14: 35900000 | K14: 0 | M14: =SUM(B14:L14) -> 501926000
A15: 46180 | B15: 35522500 | C15: 0 | D15: 74407500 | E15: 82573000 | F15: 91188500 | G15: 64355000 | H15: 12180000 | I15: 30220000 | J15: 47461500 | K15: 0 | M15: =SUM(B15:L15) -> 437908000
A16: 46181 | B16: 44430000 | C16: 0 | D16: 12663000 | E16: 62100000 | F16: 55034500 | G16: 4850000 | H16: 39310000 | I16: 33920000 | J16: 22300000 | K16: 61409000 | M16: =SUM(B16:L16) -> 336016500
A17: 46182 | B17: 45939500 | C17: 0 | D17: 135757000 | E17: 88628500 | F17: 69172000 | G17: 7200000 | H17: 42620000 | I17: 18418500 | J17: 39670000 | K17: 0 | M17: =SUM(B17:K17) -> 447405500
A18: 46183 | B18: 50152000 | C18: 0 | D18: 16510000 | E18: 17920000 | F18: 51593500 | G18: 8025000 | H18: 69713000 | I18: 0 | J18: 20173500 | K18: 6489000 | M18: =SUM(B18:K18) -> 240576000
A19: 46184 | B19: 30794500 | C19: 0 | D19: 48691000 | E19: 42000000 | F19: 11130000 | G19: 7825000 | H19: 51528000 | I19: 16816250 | J19: 0 | K19: 5520000 | M19: =SUM(B19:K19) -> 214304750
A20: 46185 | B20: 35980000 | C20: 0 | D20: 24000000 | E20: 52207500 | F20: 77279500 | G20: 17650000 | H20: 72350000 | I20: 26790250 | J20: 23635000 | K20: 5810000 | M20: =SUM(B20:K20) -> 335702250
A21: 46186 | B21: 62092500 | C21: 0 | D21: 120956000 | E21: 119891000 | F21: 93445750 | G21: 13850000 | H21: 44967000 | I21: 48331500 | J21: 5600000 | K21: 0 | M21: =SUM(B21:K21) -> 509133750
A22: 46187 | B22: 54220000 | C22: 0 | D22: 85737000 | E22: 101358000 | F22: 126750000 | G22: 10340000 | H22: 47786500 | I22: 20280000 | J22: 10500000 | K22: 0 | M22: =SUM(B22:K22) -> 456971500
A23: 46188 | B23: 25826000 | C23: 0 | D23: 61670000 | E23: 66044500 | F23: 16588500 | G23: 7400000 | H23: 0 | I23: 43953000 | J23: 9205000 | K23: 63507000 | M23: =SUM(B23:K23) -> 294194000
A24: 46189 | B24: 47350000 | C24: 0 | D24: 56095000 | E24: 49390000 | F24: 97051000 | G24: 3625000 | H24: 41065000 | I24: 45635000 | J24: 7650000 | K24: 0 | M24: =SUM(B24:K24) -> 347861000
A25: 46190 | B25: 62090000 | C25: 0 | D25: 27808000 | E25: 105476500 | F25: 43812500 | G25: 22350000 | H25: 28847500 | I25: 30258500 | K25: 7686000 | M25: =SUM(B25:K25) -> 328329000
A26: 46191 | B26: 57550000 | C26: 0 | D26: 11169000 | E26: 56326500 | F26: 15502000 | G26: 2500000 | H26: 36600000 | I26: 47510000 | J26: 22670000 | K26: 16020000 | M26: =SUM(B26:K26) -> 265847500
A27: 46192 | B27: 95064500 | C27: 0 | D27: 34100000 | E27: 86453000 | F27: 10990000 | G27: 7075000 | H27: 19670000 | I27: 46830000 | J27: 25810000 | K27: 5520000 | M27: =SUM(B27:K27) -> 331512500
A28: 46193 | B28: 155805000 | C28: 0 | D28: 150441000 | E28: 181756000 | F28: 94164000 | G28: 7025000 | H28: 22580000 | I28: 62116225 | J28: 75037000 | K28: 0 | M28: =SUM(B28:K28) -> 748924225
A29: 46194 | B29: 125915000 | C29: 0 | D29: 86220000 | E29: 151605500 | F29: 57550000 | G29: 12775000 | H29: 61893250 | I29: 64192500 | J29: 11840000 | K29: 0 | M29: =SUM(B29:K29) -> 571991250
A30: 46195 | B30: 0 | C30: 0 | D30: 37980500 | E30: 93877000 | F30: 48555000 | G30: 2500000 | H30: 38580500 | I30: 17017000 | J30: 41984000 | K30: 32200000 | M30: =SUM(B30:K30) -> 312694000
A31: 46196 | B31: 51289500 | C31: 0 | D31: 47853000 | E31: 77685000 | F31: 40333000 | G31: 13715000 | H31: 38308500 | I31: 22350000 | J31: 0 | K31: 29346000 | M31: =SUM(B31:K31) -> 320880000
A32: 46197 | B32: 47320000 | C32: 0 | D32: 79972000 | E32: 88170000 | F32: 19713000 | G32: 53200000 | H32: 49640250 | I32: 9690000 | J32: 11300000 | K32: 15309000 | M32: =SUM(B32:K32) -> 374314250
A33: 46198 | B33: 46527500 | C33: 0 | D33: 110877500 | E33: 8910000 | F33: 59368000 | G33: 48380000 | H33: 16491000 | I33: 32120000 | J33: 34160000 | K33: 5544000 | M33: =SUM(B33:K33) -> 362378000
A34: 46199 | B34: 17397000 | C34: 0 | D34: 90731500 | E34: 206055000 | F34: 67906000 | G34: 19650000 | H34: 31750000 | I34: 101929500 | J34: 42060000 | K34: 14715000 | M34: =SUM(B34:K34) -> 592194000 | Q34: 23220000
A35: 46200 | B35: 107559000 | C35: 0 | D35: 28108000 | E35: 108264800 | F35: 78198500 | G35: 21825000 | H35: 25185000 | I35: 6720000 | J35: 51950000 | K35: 0 | M35: =SUM(B35:K35) -> 427810300 | O35: 2850000 | P35: -2850000 | Q35: =P35-O35 -> -5700000
A36: 46201 | B36: 70386000 | C36: 0 | D36: 86726000 | E36: 67855000 | F36: 65270000 | G36: 17050000 | H36: 71677000 | I36: 46645000 | J36: 46302000 | K36: 0 | M36: =SUM(B36:K36) -> 471911000 | Q36: =Q34+Q35 -> 17520000
A37: 46202 | B37: 45436000 | C37: 0 | D37: 73334000 | E37: 58634000 | F37: 26460000 | G37: 26170000 | H37: 28815000 | I37: 68382500 | J37: 24955000 | K37: 19349000 | M37: =SUM(B37:K37) -> 371535500
A38: 46203 | B38: 39504000 | C38: 0 | D38: 119394000 | E38: 79400000 | F38: 175547000 | G38: 28775000 | H38: 0 | I38: 73499500 | J38: 5880000 | K38: 0 | M38: =SUM(B38:K38) -> 521999500
M39: =SUM(B39:K39) -> 0
A40: Total Month | B40: =SUM(B9:B39) -> 1709570000 | C40: =SUM(C9:C39) -> 46015000 | D40: =SUM(D9:D39) -> 2107088500 | E40: =SUM(E9:E39) -> 2585660800 | F40: =SUM(F9:F39) -> 1866345750 | G40: =SUM(G9:G39) -> 624620000 | H40: =SUM(H9:H39) -> 1141841000 | I40: =SUM(I9:I39) -> 1082620225 | ... M40: =SUM(M9:M39) -> 12321369275 | N40: =M40/M43 -> 0.95337119
A41: Expol | B41: =B40*$C$1/$C$2 -> 1709570000 | C41: =C40*$C$1/$C$2 -> 46015000 | D41: =D40*$C$1/$C$2 -> 2107088500 | E41: =E40*$C$1/$C$2 -> 2585660800 | F41: =F40*$C$1/$C$2 -> 1866345750 | G41: =G40/C2*C1 -> 624620000 | H41: =H40*$C$1/$C$2 -> 1141841000 | I41: =I40*$C$1/$C$2 -> 1082620225 | J41: =J40*$C$1/$C$2 -> 795564000 | K41: =K40*$C$1/$C$2 -> 362044000 | L41: =L40*$C$1/$C$2 -> 0 | M41: =SUM(B41:L41) -> 12321369275
A42: % Expol | B42: =B41/B43 -> 0.94976111 | C42: =C41/C43 -> 0.29783172 | D42: =D41/D43 -> 0.88944217 | E42: =E41/E43 -> 1.2551751 | F42: =F41/F43 -> 0.88389569 | G42: =G41/G43 -> 1.2128544 | H42: =H41/H43 -> 0.85275653 | I42: =I41/I43 -> 0.95553418 | ... K42: =K41/K43 -> 1.7574951 | M42: =M41/M43 -> 0.95337119
A43: Target | B43: 1800000000 | C43: 154500000 | D43: 2369000000 | E43: 2060000000 | F43: 2111500000 | G43: 515000000 | H43: 1339000000 | I43: 1133000000 | J43: 1236000000 | K43: 206000000 | M43: =SUM(B43:L43) -> 12924000000 | N43: =M43*7% -> 904680000 | O43: =N43/13800 -> 65556.522
A44: Achievement | B44: =B40/B43 -> 0.94976111 | C44: =C40/C43 -> 0.29783172 | D44: =D40/D43 -> 0.88944217 | E44: =E40/E43 -> 1.2551751 | F44: =F40/F43 -> 0.88389569 | G44: =G40/G43 -> 1.2128544 | H44: =H40/H43 -> 0.85275653 | I44: =I40/I43 -> 0.95553418 | ... M44: =M40/M43 -> 0.95337119
A45: LY | B45: 1600363000 | C45: 1678058750 | D45: 2249187525 | E45: 1459294000 | F45: 2002851000 | G45: 743199650 | H45: 1256477000 | I45: 1015323250 | J45: - | K45: 146580000 | M45: =SUM(B45:K45) -> 12151334175
A46: VS LY | B46: =B40/B45-1 -> 0.068238893 | C46: =C40/C45-1 -> -0.97257843 | D46: =D40/D45-1 -> -0.063177936 | E46: =E40/E45-1 -> 0.77185735 | F46: =F40/F45-1 -> -0.068155469 | G46: =G40/G45-1 -> -0.15955289 | H46: =H40/H45-1 -> -0.091236051 | I46: =I40/I45-1 -> 0.06628133 | ... K46: =K40/K45-1 -> 1.4699413 | M46: =M41/M45 -> 1.0139931
K47: LFL | M47: =(SUM(B41,C41,D41,E41,F41,H41,K41)/(SUM(B45,C45,D45,E45,F45,H45,K45))) -> 0.94474582
K48: =K40/K43 -> 1.7574951
A50: LF sales reporting | B50: Date | C50: Daily | D50: Total Month | E50: Expol | F50: Target | G50: LY | H50: TARGET MIN
A51: 25-31 of the month | B51: PI | C51: =B39 | D51: =B40 -> 1709570000 | E51: =B41 -> 1709570000 | F51: =B43 -> 1800000000 | G51: 1744770250 | H51: 4500000 | I51: =D51/H51-1 -> 378.90444 | K51: TBPI
B52: PS | C52: =D39 | D52: =D40 -> 2107088500 | E52: =D41 -> 2107088500 | F52: =D43 -> 2369000000 | G52: 2565042500 | I52: =D52/H52-1 -> #DIV/0! | K52: TBPS
B53: PP | C53: =C39 | D53: =C40 -> 46015000 | E53: =C41 -> 46015000 | F53: =C43 -> 154500000 | G53: 1188124000 | I53: =D53/H53-1 -> #DIV/0! | K53: TBPP
B54: SC | C54: =E39 | D54: =E40 -> 2585660800 | E54: =E41 -> 2585660800 | F54: =E43 -> 2060000000 | G54: 2066520500 | I54: =D54/H54-1 -> #DIV/0! | K54: TBSC | L54: 45436000
B55: TP | C55: =F39 | D55: =F40 -> 1866345750 | E55: =F41 -> 1866345750 | F55: =F43 -> 2111500000 | G55: 2428966552 | I55: =D55/H55-1 -> #DIV/0! | K55: TBTP | L55: 0
B56: PIM | C56: =H39 | D56: =H40 -> 1141841000 | E56: =H41 -> 1141841000 | F56: =H43 -> 1339000000 | G56: 1177789000 | I56: =D56/H56-1 -> #DIV/0! | K56: TBPIM | L56: 73334000
B57: KOKAS | C57: =I39 | D57: =I40 -> 1082620225 | E57: =I41 -> 1082620225 | F57: 1133000000 | G57: 1489698250 | I57: =D57/H57-1 -> #DIV/0! | K57: TBKK | L57: 58634000
B58: TBOS | C58: =K39 | D58: =K40 -> 362044000 | E58: =K41 -> 362044000 | F58: =K43 -> 206000000 | G58: 172805000 | I58: =D58/H58-1 -> #DIV/0! | K58: TBOS | L58: 26460000
B59: VK | C59: =G39 | D59: =G40+L40 -> 624620000 | E59: =G41+L41 -> 624620000 | F59: =G43 -> 515000000 | G59: 409561250 | I59: =D59/H59-1 -> #DIV/0! | K59: TBVK | L59: 26170000
B60: ICON BALI | C60: =J39 | D60: =J40 -> 795564000 | E60: =J41 -> 795564000 | F60: =J43 -> 1236000000 | I60: =D60/H60-1 -> #DIV/0! | K60: TBIB | L60: 28815000
B61: FF JPO | C61: 0 | D61: =L40 -> 0 | L61: 68382500
B62: TOTAL TB | C62: =sum(C51:C60) -> 0 | D62: =sum(D51:D60) -> 12321369275 | E62: =M41 -> 12321369275 | F62: =SUM(F51:F60) -> 12924000000 | G62: =SUM(G51:G60) -> 13243277302 | I62: =D62/H62-1 -> #DIV/0! | L62: 24955000
L63: 19349000

Sheet Juni Detail
A1: Date | B1: PI | G1: PP | L1: PS | Q1: SC | V1: TP | AA1: VK | AF1: PIM | AK1: KOKAS | AP1: Icon Bali | AU1: Total
B2: Walk In | C2: CT | D2: Appointments | E2: Total Store | F2: Social Media | G2: Walk In | H2: CT | I2: Appointments | J2: Total Store | K2: Social Media | L2: Walk In | M2: CT | N2: Appointments | O2: Total Store | P2: Social Media | Q2: Walk In | R2: CT | S2: Appointments | T2: Total Store | U2: Social Media | V2: Walk In | W2: CT | X2: Appointments | Y2: Total Store | Z2: Social Media | AA2: Walk In | AB2: CT | AC2: Appointments | AD2: Total Store | AE2: Social Media | AF2: Walk In | AG2: CT | AH2: Appointments | AI2: Total Store | AJ2: Social Media | AK2: Walk In | AL2: CT | AM2: Appointments | AN2: Total Store | AO2: Social Media | AP2: Walk In | AQ2: CT | AR2: Appointments | AS2: Total Store | AT2: Social Media | AU2: Walk In | AV2: CT | AW2: Appointments | AX2: Total Store | AY2: Social Media
A3: 46174 | B3: 18510000 | E3: =sum(B3:D3) -> 18510000 | G3: 13660000 | J3: =sum(G3:I3) -> 13660000 | L3: 17860000 | M3: 19305000 | N3: 17640000 | O3: =sum(L3:N3) -> 54805000 | P3: 0 | Q3: =JUNI!E9-R3-S3 -> 54502000 | S3: 43560000 | T3: =sum(Q3:S3) -> 98062000 | V3: =JUNI!F9-X3 -> 36171000 | X3: 14400000 | Y3: =sum(V3:X3) -> 50571000 | AA3: 9850000 | AD3: =sum(AA3:AC3) -> 9850000 | AF3: =+JUNI!H9-AG3-AH3-AJ3 -> 42748500 | AG3: 0 | AH3: 16000000 | AI3: =AF3+AG3+AH3+AJ3 -> 58748500 | AJ3: 0 | AK3: 21320000 | AL3: 0 | AM3: 0 | AN3: =sum(AK3:AM3) -> 21320000 | AO3: 0 | AP3: 79032000 | AQ3: 0 | AR3: 20270000 | AS3: =sum(AP3:AR3) -> 99302000 | AU3: =SUM(B3,G3,L3,Q3,V3,AA3,AF3,AK3,AP3) -> 293653500 | AV3: =SUM(C3,H3,M3,R3,W3,AB3,AG3,AL3,AQ3) -> 19305000 | AW3: =SUM(D3,I3,N3,S3,X3,AC3,AH3,AM3,AR3) -> 111870000 | AX3: =E3+J3+O3+T3+Y3+AD3+AI3+AN3+AS3 -> 424828500
A4: 46175 | B4: 10000000 | C4: 14956500 | E4: =sum(B4:D4) -> 24956500 | G4: =JUNI!C10 -> 16435000 | J4: =sum(G4:I4) -> 16435000 | L4: 41206000 | M4: 14400000 | N4: 0 | O4: =sum(L4:N4) -> 55606000 | Q4: =JUNI!E10-R4-S4 -> 32756000 | S4: 32300000 | T4: =sum(Q4:S4) -> 65056000 | V4: 48240000 | Y4: =sum(V4:X4) -> 48240000 | AA4: 6200000 | AD4: =sum(AA4:AC4) -> 6200000 | AF4: =+JUNI!H10-AG4-AH4-AJ4 -> 10200000 | AG4: 0 | AH4: 12500000 | AI4: =AF4+AG4+AH4+AJ4 -> 22700000 | AK4: 6200000 | AL4: 0 | AM4: 0 | AN4: =sum(AK4:AM4) -> 6200000 | AO4: 0 | AP4: 17600000 | AQ4: 0 | AR4: 0 | AS4: =sum(AP4:AR4) -> 17600000 | AU4: =SUM(B4,G4,L4,Q4,V4,AA4,AF4,AK4,AP4) -> 188837000 | AV4: =SUM(C4,H4,M4,R4,W4,AB4,AG4,AL4,AQ4) -> 29356500 | AW4: =SUM(D4,I4,N4,S4,X4,AC4,AH4,AM4,AR4) -> 44800000 | AX4: =E4+J4+O4+T4+Y4+AD4+AI4+AN4+AS4 -> 262993500
A5: 46176 | B5: =122620000-D5 -> 22040000 | D5: 100580000 | E5: =sum(B5:D5) -> 122620000 | G5: =JUNI!C11 -> 15920000 | J5: =sum(G5:I5) -> 15920000 | L5: 16000000 | M5: 0 | N5: 168677000 | O5: =sum(L5:N5) -> 184677000 | Q5: =JUNI!E11-R5-S5 -> 36895000 | R5: 83680000 | S5: 85900000 | T5: =sum(Q5:S5) -> 206475000 | V5: 18680000 | X5: 19800000 | Y5: =sum(V5:X5) -> 38480000 | AB5: 1200000 | AD5: =sum(AA5:AC5) -> 1200000 | AF5: =+JUNI!H11-AG5-AH5-AJ5 -> 13100000 | AG5: 0 | AH5: =38300000-13100000 -> 25200000 | AI5: =AF5+AG5+AH5+AJ5 -> 38300000 | AJ5: 0 | AK5: 9800000 | AL5: 0 | AM5: 14100000 | AN5: =sum(AK5:AM5) -> 23900000 | AO5: 0 | AP5: 9800000 | AR5: 16000000 | AS5: =sum(AP5:AR5) -> 25800000 | AU5: =SUM(B5,G5,L5,Q5,V5,AA5,AF5,AK5,AP5) -> 142235000 | AV5: =SUM(C5,H5,M5,R5,W5,AB5,AG5,AL5,AQ5) -> 84880000 | AW5: =SUM(D5,I5,N5,S5,X5,AC5,AH5,AM5,AR5) -> 430257000 | AX5: =E5+J5+O5+T5+Y5+AD5+AI5+AN5+AS5 -> 657372000
A6: 46177 | B6: 16000000 | E6: =sum(B6:D6) -> 16000000 | J6: =sum(G6:I6) -> 0 | L6: 31700000 | M6: 0 | N6: 0 | O6: =sum(L6:N6) -> 31700000 | Q6: =JUNI!E12-R6-S6 -> 31760000 | S6: 28677500 | T6: =sum(Q6:S6) -> 60437500 | V6: 38834000 | X6: 16000000 | Y6: =sum(V6:X6) -> 54834000 | AB6: 24000000 | AD6: =sum(AA6:AC6) -> 24000000 | AF6: =+JUNI!H12-AG6-AH6-AJ6 -> 11000000 | AG6: 0 | AH6: 56400000 | AI6: =AF6+AG6+AH6+AJ6 -> 67400000 | AJ6: 0 | AK6: 20940000 | AL6: 0 | AM6: 33280000 | AN6: =sum(AK6:AM6) -> 54220000 | AO6: 0 | AP6: 16540000 | AS6: =sum(AP6:AR6) -> 16540000 | AU6: =SUM(B6,G6,L6,Q6,V6,AA6,AF6,AK6,AP6) -> 166774000 | AV6: =SUM(C6,H6,M6,R6,W6,AB6,AG6,AL6,AQ6) -> 24000000 | AW6: =SUM(D6,I6,N6,S6,X6,AC6,AH6,AM6,AR6) -> 134357500 | AX6: =E6+J6+O6+T6+Y6+AD6+AI6+AN6+AS6 -> 325131500
A7: 46178 | B7: =75244000-D7 -> 26400000 | D7: 48844000 | E7: =sum(B7:D7) -> 75244000 | J7: =sum(G7:I7) -> 0 | L7: 68966000 | M7: 0 | N7: 12520000 | O7: =sum(L7:N7) -> 81486000 | Q7: =JUNI!E13-R7-S7 -> 37300000 | R7: 9360000 | S7: 13500000 | T7: =sum(Q7:S7) -> 60160000 | V7: 42238500 | X7: 11691000 | Y7: =sum(V7:X7) -> 53929500 | AA7: 3460000 | AB7: 22900000 | AC7: 98300000 | AD7: =sum(AA7:AC7) -> 124660000 | AF7: =+JUNI!H13-AG7-AH7-AJ7 -> 0 | AG7: 0 | AH7: 13185000 | AI7: =AF7+AG7+AH7+AJ7 -> 13185000 | AJ7: 0 | AK7: 11700000 | AL7: 0 | AM7: 0 | AN7: =sum(AK7:AM7) -> 11700000 | AO7: 0 | AP7: 20279000 | AS7: 0 | AT7: 0 | AU7: =SUM(B7,G7,L7,Q7,V7,AA7,AF7,AK7,AP7) -> 210343500 | AV7: =SUM(C7,H7,M7,R7,W7,AB7,AG7,AL7,AQ7) -> 32260000 | AW7: =SUM(D7,I7,N7,S7,X7,AC7,AH7,AM7,AR7) -> 198040000 | AX7: =E7+J7+O7+T7+Y7+AD7+AI7+AN7+AS7 -> 420364500
A8: 46179 | B8: 85629000 | E8: =sum(B8:D8) -> 85629000 | J8: =sum(G8:I8) -> 0 | L8: 41562000 | M8: 8740000 | N8: 27311500 | O8: =sum(L8:N8) -> 77613500 | Q8: =JUNI!E14-R8-S8 -> 15659500 | S8: 27230000 | T8: =sum(Q8:S8) -> 42889500 | V8: =JUNI!F14-X8 -> 48840000 | X8: 78849000 | Y8: =sum(V8:X8) -> 127689000 | AA8: 12200000 | AB8: 14100000 | AC8: 4300000 | AD8: =sum(AA8:AC8) -> 30600000 | AF8: =+JUNI!H14-AG8-AH8-AJ8 -> 31080000 | AG8: 0 | AH8: 18870000 | AI8: =AF8+AG8+AH8+AJ8 -> 49950000 | AJ8: 0 | AK8: 26580000 | AL8: 0 | AM8: 25075000 | AN8: =sum(AK8:AM8) -> 51655000 | AO8: 0 | AP8: 7700000 | AR8: 28200000 | AS8: =sum(AP8:AR8) -> 35900000 | AU8: =SUM(B8,G8,L8,Q8,V8,AA8,AF8,AK8,AP8) -> 269250500 | AV8: =SUM(C8,H8,M8,R8,W8,AB8,AG8,AL8,AQ8) -> 22840000 | AW8: =SUM(D8,I8,N8,S8,X8,AC8,AH8,AM8,AR8) -> 209835500 | AX8: =E8+J8+O8+T8+Y8+AD8+AI8+AN8+AS8 -> 501926000
A9: 46180 | B9: 35522500 | E9: =sum(B9:D9) -> 35522500 | J9: =sum(G9:I9) -> 0 | L9: 57714000 | M9: 16693500 | N9: 0 | O9: =sum(L9:N9) -> 74407500 | Q9: =JUNI!E15-R9-S9 -> 37280000 | S9: 45293000 | T9: =sum(Q9:S9) -> 82573000 | V9: 55960500 | X9: 35228000 | Y9: =sum(V9:X9) -> 91188500 | AA9: 60155000 | AB9: 4200000 | AD9: =sum(AA9:AC9) -> 64355000 | AF9: =+JUNI!H15-AG9-AH9-AJ9 -> 12180000 | AG9: 0 | AH9: 0 | AI9: =AF9+AG9+AH9+AJ9 -> 12180000 | AJ9: 0 | AK9: 30220000 | AL9: 0 | AM9: 0 | AN9: =sum(AK9:AM9) -> 30220000 | AO9: 0 | AP9: 39451500 | AQ9: 0 | AR9: 8010000 | AS9: =sum(AP9:AR9) -> 47461500 | AT9: 0 | AU9: =SUM(B9,G9,L9,Q9,V9,AA9,AF9,AK9,AP9) -> 328483500 | AV9: =SUM(C9,H9,M9,R9,W9,AB9,AG9,AL9,AQ9) -> 20893500 | AW9: =SUM(D9,I9,N9,S9,X9,AC9,AH9,AM9,AR9) -> 88531000 | AX9: =E9+J9+O9+T9+Y9+AD9+AI9+AN9+AS9 -> 437908000
A10: 46181 | B10: =44430000-D10 -> 30930000 | D10: 13500000 | E10: =sum(B10:D10) -> 44430000 | J10: =sum(G10:I10) -> 0 | L10: 0 | M10: 12663000 | N10: 0 | O10: =sum(L10:N10) -> 12663000 | Q10: =JUNI!E16-R10-S10 -> 26460000 | R10: 6300000 | S10: 29340000 | T10: =sum(Q10:S10) -> 62100000 | V10: 15642000 | X10: 39392500 | Y10: =sum(V10:X10) -> 55034500 | AB10: 4850000 | AD10: =sum(AA10:AC10) -> 4850000 | AF10: =+JUNI!H16-AG10-AH10-AJ10 -> 6400000 | AG10: 0 | AH10: 32910000 | AI10: =AF10+AG10+AH10+AJ10 -> 39310000 | AJ10: 0 | AK10: 12320000 | AL10: 5460000 | AM10: 16140000 | AN10: =sum(AK10:AM10) -> 33920000 | AO10: 0 | AP10: 22300000 | AS10: =sum(AP10:AR10) -> 22300000 | AU10: =SUM(B10,G10,L10,Q10,V10,AA10,AF10,AK10,AP10) -> 114052000 | AV10: =SUM(C10,H10,M10,R10,W10,AB10,AG10,AL10,AQ10) -> 29273000 | AW10: =SUM(D10,I10,N10,S10,X10,AC10,AH10,AM10,AR10) -> 131282500 | AX10: =E10+J10+O10+T10+Y10+AD10+AI10+AN10+AS10 -> 274607500
A11: 46182 | B11: =45919500-D11 -> 16160000 | D11: 29759500 | E11: =sum(B11:D11) -> 45919500 | J11: =sum(G11:I11) -> 0 | L11: 76488000 | M11: 0 | N11: 59269000 | O11: =sum(L11:N11) -> 135757000 | Q11: =JUNI!E17-R11-S11 -> 49778000 | S11: 38850500 | T11: =sum(Q11:S11) -> 88628500 | V11: 44722000 | X11: 24450000 | Y11: =sum(V11:X11) -> 69172000 | AA11: 4000000 | AB11: 3200000 | AD11: =sum(AA11:AC11) -> 7200000 | AF11: =+JUNI!H17-AG11-AH11-AJ11 -> 33800000 | AG11: 0 | AH11: 8820000 | AI11: =AF11+AG11+AH11+AJ11 -> 42620000 | AJ11: 0 | AK11: 18418500 | AL11: 0 | AM11: 0 | AN11: 18418500 | AO11: 0 | AP11: 14470000 | AQ11: 0 | AR11: 25200000 | AS11: =sum(AP11:AR11) -> 39670000 | AU11: =SUM(B11,G11,L11,Q11,V11,AA11,AF11,AK11,AP11) -> 257836500 | AV11: =SUM(C11,H11,M11,R11,W11,AB11,AG11,AL11,AQ11) -> 3200000 | AW11: =SUM(D11,I11,N11,S11,X11,AC11,AH11,AM11,AR11) -> 186349000 | AX11: =E11+J11+O11+T11+Y11+AD11+AI11+AN11+AS11 -> 447385500
A12: 46183 | B12: =45919500-D12 -> 45919500 | E12: =sum(B12:D12) -> 45919500 | J12: =sum(G12:I12) -> 0 | L12: 16510000 | M12: 0 | N12: 0 | O12: =sum(L12:N12) -> 16510000 | Q12: =JUNI!E18-R12-S12 -> 6000000 | R12: 5280000 | S12: 6640000 | T12: =sum(Q12:S12) -> 17920000 | V12: 18280000 | X12: 33313500 | Y12: =sum(V12:X12) -> 51593500 | AA12: 6825000 | AB12: 1200000 | AD12: =sum(AA12:AC12) -> 8025000 | AF12: =+JUNI!H18-AG12-AH12-AJ12 -> 33163000 | AG12: 0 | AH12: 36550000 | AI12: =AF12+AG12+AH12+AJ12 -> 69713000 | AJ12: 0 | AK12: 0 | AL12: 0 | AM12: 0 | AN12: =sum(AK12:AM12) -> 0 | AO12: 0 | AP12: 20173500 | AS12: =sum(AP12:AR12) -> 20173500 | AU12: =SUM(B12,G12,L12,Q12,V12,AA12,AF12,AK12,AP12) -> 146871000 | AV12: =SUM(C12,H12,M12,R12,W12,AB12,AG12,AL12,AQ12) -> 6480000 | AW12: =SUM(D12,I12,N12,S12,X12,AC12,AH12,AM12,AR12) -> 76503500 | AX12: =E12+J12+O12+T12+Y12+AD12+AI12+AN12+AS12 -> 229854500
A13: 46184 | B13: =30794500-D13 -> 15900000 | D13: 14894500 | E13: =sum(B13:D13) -> 30794500 | J13: =sum(G13:I13) -> 0 | L13: 20590000 | M13: 28101000 | N13: 0 | O13: =sum(L13:N13) -> 48691000 | Q13: =JUNI!E19-R13-S13 -> 22900000 | S13: 19100000 | T13: =sum(Q13:S13) -> 42000000 | V13: 11130000 | Y13: =sum(V13:X13) -> 11130000 | AA13: 5625000 | AB13: 2200000 | AD13: =sum(AA13:AC13) -> 7825000 | AF13: =+JUNI!H19-AG13-AH13-AJ13 -> 31428000 | AG13: 0 | AH13: 20100000 | AI13: =AF13+AG13+AH13+AJ13 -> 51528000 | AJ13: 0 | AK13: 10816250 | AL13: - | AM13: 6000000 | AN13: =sum(AK13:AM13) -> 16816250 | AO13: 0 | AP13: 0 | AQ13: 0 | AR13: 0 | AS13: =sum(AP13:AR13) -> 0 | AU13: =SUM(B13,G13,L13,Q13,V13,AA13,AF13,AK13,AP13) -> 118389250 | AV13: =SUM(C13,H13,M13,R13,W13,AB13,AG13,AL13,AQ13) -> 30301000 | AW13: =SUM(D13,I13,N13,S13,X13,AC13,AH13,AM13,AR13) -> 60094500 | AX13: =E13+J13+O13+T13+Y13+AD13+AI13+AN13+AS13 -> 208784750
A14: 46185 | B14: =JUNI!B20-D14 -> 29900000 | D14: 6080000 | E14: =sum(B14:D14) -> 35980000 | J14: =sum(G14:I14) -> 0 | L14: 24000000 | M14: 0 | N14: 0 | O14: =sum(L14:N14) -> 24000000 | Q14: =JUNI!E20-R14-S14 -> 15311500 | S14: 36896000 | T14: =sum(Q14:S14) -> 52207500 | V14: 50740500 | X14: 26539000 | Y14: =sum(V14:X14) -> 77279500 | AA14: 3850000 | AB14: 13800000 | AD14: =sum(AA14:AC14) -> 17650000 | AF14: =+JUNI!H20-AG14-AH14-AJ14 -> 35864000 | AG14: 0 | AH14: 36486000 | AI14: =AF14+AG14+AH14+AJ14 -> 72350000 | AJ14: 0 | AK14: - | AL14: - | AM14: =9990000+16800250 -> 26790250 | AN14: =sum(AK14:AM14) -> 26790250 | AO14: 0 | AP14: 23635000 | AS14: =sum(AP14:AR14) -> 23635000 | AU14: =SUM(B14,G14,L14,Q14,V14,AA14,AF14,AK14,AP14) -> 183301000 | AV14: =SUM(C14,H14,M14,R14,W14,AB14,AG14,AL14,AQ14) -> 13800000 | AW14: =SUM(D14,I14,N14,S14,X14,AC14,AH14,AM14,AR14) -> 132791250 | AX14: =E14+J14+O14+T14+Y14+AD14+AI14+AN14+AS14 -> 329892250
A15: 46186 | B15: =JUNI!B21-D15 -> 44578500 | D15: 17514000 | E15: =sum(B15:D15) -> 62092500 | J15: =sum(G15:I15) -> 0 | L15: 46754000 | M15: 28390000 | N15: 45812000 | O15: =sum(L15:N15) -> 120956000 | Q15: =JUNI!E21-R15-S15 -> 62660000 | R15: 11360000 | S15: 45871000 | T15: =sum(Q15:S15) -> 119891000 | V15: 65503500 | X15: 27942250 | Y15: =sum(V15:X15) -> 93445750 | AA15: 6550000 | AB15: 7300000 | AD15: =sum(AA15:AC15) -> 13850000 | AF15: =+JUNI!H21-AG15-AH15-AJ15 -> 9680000 | AG15: 0 | AH15: 35287000 | AI15: =AF15+AG15+AH15+AJ15 -> 44967000 | AJ15: 0 | AK15: 44551500 | AL15: - | AM15: 3780000 | AN15: =sum(AK15:AM15) -> 48331500 | AO15: 0 | AR15: 5600000 | AS15: =sum(AP15:AR15) -> 5600000 | AU15: =SUM(B15,G15,L15,Q15,V15,AA15,AF15,AK15,AP15) -> 280277500 | AV15: =SUM(C15,H15,M15,R15,W15,AB15,AG15,AL15,AQ15) -> 47050000 | AW15: =SUM(D15,I15,N15,S15,X15,AC15,AH15,AM15,AR15) -> 181806250 | AX15: =E15+J15+O15+T15+Y15+AD15+AI15+AN15+AS15 -> 509133750
A16: 46187 | B16: =JUNI!B22-D16 -> 54220000 | E16: =sum(B16:D16) -> 54220000 | J16: =sum(G16:I16) -> 0 | L16: 27932000 | M16: 13410000 | N16: 44395000 | O16: =sum(L16:N16) -> 85737000 | Q16: =JUNI!E22-R16-S16 -> 32400000 | S16: 68958000 | T16: =sum(Q16:S16) -> 101358000 | V16: 75505000 | W16: 15215000 | X16: 36030000 | Y16: =sum(V16:X16) -> 126750000 | AA16: 8000000 | AB16: 2340000 | AD16: =sum(AA16:AC16) -> 10340000 | AF16: =+JUNI!H22-AG16-AH16-AJ16 -> 41626500 | AG16: 0 | AH16: 6160000 | AI16: =AF16+AG16+AH16+AJ16 -> 47786500 | AJ16: 0 | AK16: 6640000 | AL16: 0 | AM16: 13640000 | AN16: =sum(AK16:AM16) -> 20280000 | AO16: 0 | AS16: =sum(AP16:AR16) -> 0 | AU16: =SUM(B16,G16,L16,Q16,V16,AA16,AF16,AK16,AP16) -> 246323500 | AV16: =SUM(C16,H16,M16,R16,W16,AB16,AG16,AL16,AQ16) -> 30965000 | AW16: =SUM(D16,I16,N16,S16,X16,AC16,AH16,AM16,AR16) -> 169183000 | AX16: =E16+J16+O16+T16+Y16+AD16+AI16+AN16+AS16 -> 446471500
A17: 46188 | B17: =JUNI!B23-D17 -> 16070000 | D17: 9756000 | E17: =sum(B17:D17) -> 25826000 | J17: =sum(G17:I17) -> 0 | L17: 48260000 | M17: 0 | N17: 13410000 | O17: =sum(L17:N17) -> 61670000 | Q17: =JUNI!E23-R17-S17 -> 42164500 | S17: 23880000 | T17: =sum(Q17:S17) -> 66044500 | V17: =JUNI!F23-X17 -> 10588500 | X17: 6000000 | Y17: =sum(V17:X17) -> 16588500 | AA17: 4000000 | AB17: 3400000 | AD17: =sum(AA17:AC17) -> 7400000 | AF17: =+JUNI!H23-AG17-AH17-AJ17 -> 0 | AG17: 0 | AH17: 0 | AI17: =AF17+AG17+AH17+AJ17 -> 0 | AJ17: 0 | AK17: 43953000 | AN17: =sum(AK17:AM17) -> 43953000 | AO17: - | AP17: 10500000 | AS17: =sum(AP17:AR17) -> 10500000 | AU17: =SUM(B17,G17,L17,Q17,V17,AA17,AF17,AK17,AP17) -> 175536000 | AV17: =SUM(C17,H17,M17,R17,W17,AB17,AG17,AL17,AQ17) -> 3400000 | AW17: =SUM(D17,I17,N17,S17,X17,AC17,AH17,AM17,AR17) -> 53046000 | AX17: =E17+J17+O17+T17+Y17+AD17+AI17+AN17+AS17 -> 231982000
A18: 46189 | B18: =JUNI!B24-D18 -> 40350000 | D18: =7000000 -> 7000000 | E18: =sum(B18:D18) -> 47350000 | J18: =sum(G18:I18) -> 0 | L18: 46393000 | M18: 9702000 | N18: 0 | O18: =sum(L18:N18) -> 56095000 | Q18: =JUNI!E24-R18-S18 -> 31840000 | S18: 17550000 | T18: =sum(Q18:S18) -> 49390000 | V18: 59391000 | X18: 37660000 | Y18: =sum(V18:X18) -> 97051000 | AA18: 2625000 | AB18: 1000000 | AD18: =sum(AA18:AC18) -> 3625000 | AF18: =+JUNI!H24-AG18-AH18-AJ18 -> 25630000 | AG18: 0 | AH18: 15435000 | AI18: =AF18+AG18+AH18+AJ18 -> 41065000 | AJ18: 0 | AK18: 25065000 | AL18: 5440000 | AM18: =9600000+5530000 -> 15130000 | AN18: =sum(AK18:AM18) -> 45635000 | AO18: - | AP18: 9205000 | AS18: 0 | AU18: =SUM(B18,G18,L18,Q18,V18,AA18,AF18,AK18,AP18) -> 240499000 | AV18: =SUM(C18,H18,M18,R18,W18,AB18,AG18,AL18,AQ18) -> 16142000 | AW18: =SUM(D18,I18,N18,S18,X18,AC18,AH18,AM18,AR18) -> 92775000 | AX18: =E18+J18+O18+T18+Y18+AD18+AI18+AN18+AS18 -> 340211000
A19: 46190 | B19: =JUNI!B25-D19 -> 32680000 | D19: 29410000 | E19: =sum(B19:D19) -> 62090000 | J19: =sum(G19:I19) -> 0 | L19: 13700000 | M19: 0 | N19: 14108000 | O19: =sum(L19:N19) -> 27808000 | Q19: =JUNI!E25-R19-S19 -> 36216500 | S19: 69260000 | T19: =sum(Q19:S19) -> 105476500 | V19: 43812500 | Y19: =sum(V19:X19) -> 43812500 | AB19: 22350000 | AD19: =sum(AA19:AC19) -> 22350000 | AF19: =+JUNI!H25-AG19-AH19-AJ19 -> 20587500 | AG19: 0 | AH19: 8260000 | AI19: =AF19+AG19+AH19+AJ19 -> 28847500 | AJ19: 0 | AK19: 30258500 | AL19: - | AM19: - | AN19: =sum(AK19:AM19) -> 30258500 | AO19: 0 | AP19: 7650000 | AS19: =sum(AP19:AR19) -> 7650000 | AU19: =SUM(B19,G19,L19,Q19,V19,AA19,AF19,AK19,AP19) -> 184905000 | AV19: =SUM(C19,H19,M19,R19,W19,AB19,AG19,AL19,AQ19) -> 22350000 | AW19: =SUM(D19,I19,N19,S19,X19,AC19,AH19,AM19,AR19) -> 121038000 | AX19: =E19+J19+O19+T19+Y19+AD19+AI19+AN19+AS19 -> 328293000
A20: 46191 | B20: =JUNI!B26-D20 -> 57550000 | C20: 18780000 | E20: =sum(B20:D20) -> 76330000 | F20: 18780000 | J20: =sum(G20:I20) -> 0 | L20: 11169000 | M20: 0 | N20: 0 | O20: =sum(L20:N20) -> 11169000 | Q20: =JUNI!E26-R20-S20 -> 20460000 | S20: 35866500 | T20: =sum(Q20:S20) -> 56326500 | V20: =JUNI!F26-X20 -> 5800000 | X20: 9702000 | Y20: =sum(V20:X20) -> 15502000 | AA20: 2500000 | AD20: =sum(AA20:AC20) -> 2500000 | AF20: =+JUNI!H26-AG20-AH20-AJ20 -> 20100000 | AG20: 0 | AH20: 16500000 | AI20: =AF20+AG20+AH20+AJ20 -> 36600000 | AJ20: 0 | AK20: 23060000 | AL20: - | AM20: 24450000 | AN20: =sum(AK20:AM20) -> 47510000 | AO20: 0 | AP20: 22670000 | AS20: =sum(AP20:AR20) -> 22670000 | AU20: =SUM(B20,G20,L20,Q20,V20,AA20,AF20,AK20,AP20) -> 163309000 | AV20: =SUM(C20,H20,M20,R20,W20,AB20,AG20,AL20,AQ20) -> 18780000 | AW20: =SUM(D20,I20,N20,S20,X20,AC20,AH20,AM20,AR20) -> 86518500 | AX20: =E20+J20+O20+T20+Y20+AD20+AI20+AN20+AS20 -> 268607500
A21: 46192 | B21: =JUNI!B27-D21 -> 35368500 | D21: 59696000 | E21: =sum(B21:D21) -> 95064500 | J21: =sum(G21:I21) -> 0 | L21: 24740000 | M21: 9360000 | N21: 0 | O21: =sum(L21:N21) -> 34100000 | Q21: =JUNI!E27-R21-S21 -> 44715000 | R21: 5390000 | S21: 36348000 | T21: =sum(Q21:S21) -> 86453000 | V21: 10990000 | Y21: =sum(V21:X21) -> 10990000 | AA21: 3725000 | AC21: 3350000 | AD21: =sum(AA21:AC21) -> 7075000 | AF21: =+JUNI!H27-AG21-AH21-AJ21 -> 14210000 | AG21: 0 | AH21: 5460000 | AI21: =AF21+AG21+AH21+AJ21 -> 19670000 | AJ21: 0 | AK21: 11360000 | AL21: - | AM21: 35470000 | AN21: =sum(AK21:AM21) -> 46830000 | AO21: 0 | AP21: 13650000 | AQ21: 0 | AR21: 12160000 | AS21: =sum(AP21:AR21) -> 25810000 | AU21: =SUM(B21,G21,L21,Q21,V21,AA21,AF21,AK21,AP21) -> 158758500 | AV21: =SUM(C21,H21,M21,R21,W21,AB21,AG21,AL21,AQ21) -> 14750000 | AW21: =SUM(D21,I21,N21,S21,X21,AC21,AH21,AM21,AR21) -> 152484000 | AX21: =E21+J21+O21+T21+Y21+AD21+AI21+AN21+AS21 -> 325992500
A22: 46193 | B22: =JUNI!B28-D22 -> 68805000 | D22: 87000000 | E22: =sum(B22:D22) -> 155805000 | J22: =sum(G22:I22) -> 0 | L22: 78116000 | N22: 72325000 | O22: =sum(L22:N22) -> 150441000 | Q22: =JUNI!E28-R22-S22 -> 38756000 | R22: 71250000 | S22: 71750000 | T22: =sum(Q22:S22) -> 181756000 | V22: 22704000 | X22: 71460000 | Y22: =sum(V22:X22) -> 94164000 | AA22: 7025000 | AD22: =sum(AA22:AC22) -> 7025000 | AF22: =+JUNI!H28-AG22-AH22-AJ22 -> 6080000 | AG22: 0 | AH22: 16500000 | AI22: =AF22+AG22+AH22+AJ22 -> 22580000 | AJ22: 0 | AK22: 16752975 | AL22: 0 | AM22: 45363250 | AN22: =sum(AK22:AM22) -> 62116225 | AO22: 0 | AP22: 69227000 | AR22: 5810000 | AS22: =sum(AP22:AR22) -> 75037000 | AU22: =SUM(B22,G22,L22,Q22,V22,AA22,AF22,AK22,AP22) -> 307465975 | AV22: =SUM(C22,H22,M22,R22,W22,AB22,AG22,AL22,AQ22) -> 71250000 | AW22: =SUM(D22,I22,N22,S22,X22,AC22,AH22,AM22,AR22) -> 370208250 | AX22: =E22+J22+O22+T22+Y22+AD22+AI22+AN22+AS22 -> 748924225
A23: 46194 | B23: =JUNI!B29-D23 -> 71540000 | D23: 54375000 | E23: =sum(B23:D23) -> 125915000 | J23: =sum(G23:I23) -> 0 | L23: 64800000 | M23: 8820000 | N23: 12600000 | O23: =sum(L23:N23) -> 86220000 | Q23: =JUNI!E29-R23-S23 -> 60064000 | S23: 91541500 | T23: =sum(Q23:S23) -> 151605500 | V23: 29450000 | X23: 16500000 | Y23: =sum(V23:X23) -> 45950000 | AA23: 7000000 | AB23: 4575000 | AC23: 1200000 | AD23: =sum(AA23:AC23) -> 12775000 | AF23: =+JUNI!H29-AG23-AH23-AJ23 -> 24410000 | AG23: 3500000 | AH23: 33983250 | AI23: =AF23+AG23+AH23+AJ23 -> 61893250 | AJ23: 0 | AK23: 30755000 | AM23: 33437500 | AN23: =sum(AK23:AM23) -> 64192500 | AO23: 0 | AP23: 11840000 | AQ23: 0 | AR23: 0 | AS23: =sum(AP23:AR23) -> 11840000 | AU23: =SUM(B23,G23,L23,Q23,V23,AA23,AF23,AK23,AP23) -> 299859000 | AV23: =SUM(C23,H23,M23,R23,W23,AB23,AG23,AL23,AQ23) -> 16895000 | AW23: =SUM(D23,I23,N23,S23,X23,AC23,AH23,AM23,AR23) -> 243637250 | AX23: =E23+J23+O23+T23+Y23+AD23+AI23+AN23+AS23 -> 560391250
A24: 46195 | B24: =JUNI!B30-D24 -> 0 | E24: =sum(B24:D24) -> 0 | J24: =sum(G24:I24) -> 0 | L24: 21456500 | N24: 16524000 | O24: =sum(L24:N24) -> 37980500 | Q24: =JUNI!E30-R24-S24 -> 33784000 | S24: 60093000 | T24: =sum(Q24:S24) -> 93877000 | V24: 29450000 | X24: 28100000 | Y24: =sum(V24:X24) -> 57550000 | AA24: 2500000 | AD24: =sum(AA24:AC24) -> 2500000 | AF24: =+JUNI!H30-AG24-AH24-AJ24 -> 28370000 | AG24: 0 | AH24: 10210500 | AI24: =AF24+AG24+AH24+AJ24 -> 38580500 | AJ24: 0 | AK24: - | AL24: - | AM24: 17017000 | AN24: =sum(AK24:AM24) -> 17017000 | AO24: 0 | AP24: 30684000 | AR24: 11300000 | AS24: =sum(AP24:AR24) -> 41984000 | AU24: =SUM(B24,G24,L24,Q24,V24,AA24,AF24,AK24,AP24) -> 146244500 | AV24: =SUM(C24,H24,M24,R24,W24,AB24,AG24,AL24,AQ24) -> 0 | AW24: =SUM(D24,I24,N24,S24,X24,AC24,AH24,AM24,AR24) -> 143244500 | AX24: =E24+J24+O24+T24+Y24+AD24+AI24+AN24+AS24 -> 289489000
A25: 46196 | B25: =JUNI!B31-D25 -> 17400000 | D25: 33889500 | E25: =sum(B25:D25) -> 51289500 | J25: =sum(G25:I25) -> 0 | L25: 6000000 | N25: 41853000 | O25: =sum(L25:N25) -> 47853000 | Q25: =JUNI!E31-R25-S25 -> 33240000 | S25: 44445000 | T25: =sum(Q25:S25) -> 77685000 | V25: 28355000 | X25: 20200000 | Y25: =sum(V25:X25) -> 48555000 | AA25: 13715000 | AD25: =sum(AA25:AC25) -> 13715000 | AF25: =+JUNI!H31-AG25-AH25-AJ25 -> 3000000 | AG25: 0 | AH25: 35308500 | AI25: =AF25+AG25+AH25+AJ25 -> 38308500 | AJ25: 0 | AK25: 6000000 | AL25: - | AM25: 16350000 | AN25: =sum(AK25:AM25) -> 22350000 | AO25: 0 | AP25: 0 | AQ25: 0 | AR25: 0 | AS25: 0 | AU25: =SUM(B25,G25,L25,Q25,V25,AA25,AF25,AK25,AP25) -> 107710000 | AV25: =SUM(C25,H25,M25,R25,W25,AB25,AG25,AL25,AQ25) -> 0 | AW25: =SUM(D25,I25,N25,S25,X25,AC25,AH25,AM25,AR25) -> 192046000 | AX25: =E25+J25+O25+T25+Y25+AD25+AI25+AN25+AS25 -> 299756000
A26: 46197 | B26: =JUNI!B32-D26 -> 47320000 | E26: =sum(B26:D26) -> 47320000 | J26: =sum(G26:I26) -> 0 | L26: 54762000 | N26: 25210000 | O26: =sum(L26:N26) -> 79972000 | Q26: =JUNI!E32-R26-S26 -> 42158000 | S26: 46012000 | T26: =sum(Q26:S26) -> 88170000 | V26: 33133000 | W26: 7200000 | Y26: =sum(V26:X26) -> 40333000 | AA26: 9400000 | AB26: 43800000 | AD26: =sum(AA26:AC26) -> 53200000 | AF26: =+JUNI!H32-AG26-AH26-AJ26 -> 35340250 | AG26: 0 | AH26: 14300000 | AI26: =AF26+AG26+AH26+AJ26 -> 49640250 | AJ26: 0 | AK26: 4860000 | AM26: 4830000 | AN26: =sum(AK26:AM26) -> 9690000 | AO26: - | AP26: 0 | AQ26: 0 | AR26: 11300000 | AS26: =sum(AP26:AR26) -> 11300000 | AU26: =SUM(B26,G26,L27,Q26,V26,AA26,AF26,AK26,AP26) -> 237658750 | AV26: =SUM(C26,H26,M27,R26,W26,AB26,AG26,AL26,AQ26) -> 60380000 | AW26: =SUM(D26,I26,N27,S26,X26,AC26,AH26,AM26,AR26) -> 112492000 | AX26: =E26+J26+O27+T26+Y26+AD26+AI26+AN26+AS26 -> 410530750
